<step title="Incoming Request" date="2025-03-24T01:26:13.359" instance="c25122" url="/api/zipdeploy?isAsync=true" method="POST" type="request" pid="801,1,83" Accept="*/*" Host="ai-event-planner-saas.scm.azurewebsites.net" User-Agent="AZURECLI/2.67.0 (HOMEBREW)" Accept-Encoding="gzip, deflate" Authorization="Bas..." Cache-Control="no-cache" Content-Type="application/octet-stream" Content-Length="792171" x-ms-client-request-id="f79ff142-084e-11f0-9eba-dca9047d6722" x-ms-artifact-checksum="890a2a7cb138b718b2bd500e37d866286820b51ad7ce1df3951ab1ae3e8ddeb3" X-ARR-LOG-ID="f79ff142-084e-11f0-9eba-dca9047d6722" CLIENT-IP="107.194.36.34:54160" X-SITE-DEPLOYMENT-ID="ai-event-planner-saas" WAS-DEFAULT-HOSTNAME="ai-event-planner-saas.scm.azurewebsites.net" X-Forwarded-Proto="https" X-AppService-Proto="https" X-Forwarded-TlsVersion="1.3" X-WAWS-Unencoded-URL="/api/zipdeploy?isAsync=true" X-Client-IP="107.194.36.34" X-Client-Port="54160" >
  <step title="Cleanup Xml Logs" date="2025-03-24T01:26:13.362" /><!-- duration: 2ms -->
  <step title="ZipPushDeploy" date="2025-03-24T01:26:13.372" >
    <step title="ZipDeploy. Extract zip." date="2025-03-24T01:26:13.375" /><!-- duration: 1ms -->
    <step title="Starting PushDeployAsync" date="2025-03-24T01:26:13.378" /><!-- duration: 1ms -->
    <step title="Writing artifact to /tmp/zipdeploy/4ec63b97-0b12-4a43-92ef-7d0ef862dbf3.zip" date="2025-03-24T01:26:13.387" >
      <step title="Writing multipart request body to /tmp/zipdeploy/4ec63b97-0b12-4a43-92ef-7d0ef862dbf3.zip" date="2025-03-24T01:26:13.391" /><!-- duration: 1ms -->
    </step><!-- duration: 11ms -->
    <step title="Start deployment in the background" date="2025-03-24T01:26:13.400" >
      <step title="Acquiring Deployment Lock" date="2025-03-24T01:26:13.406" /><!-- duration: 1ms -->
      <step title="Acquired Deployment Lock" date="2025-03-24T01:26:13.418" /><!-- duration: 1ms -->
    </step><!-- duration: 72ms -->
  </step><!-- duration: 104ms -->
  <step title="Outgoing response" date="2025-03-24T01:26:13.477" type="response" statusCode="202" statusText="Accepted" /><!-- duration: 1ms -->
</step><!-- duration: 120ms -->
