<step title="Incoming Request" date="2025-03-24T01:13:25.961" instance="c25122" url="/api/publish?type=zip" method="POST" type="request" pid="801,1,65" Accept="*/*" Host="ai-event-planner-saas.scm.azurewebsites.net" User-Agent="AZURECLI/2.67.0 (HOMEBREW)" Accept-Encoding="gzip, deflate" Authorization="Bas..." Cache-Control="no-cache" Content-Type="application/octet-stream" Content-Length="792398" x-ms-client-request-id="2e1a7ec4-084d-11f0-a912-dca9047d6722" x-ms-artifact-checksum="ddf7beb98dd2edd1386e04a495ebda96e0a0417c4f540a63b7a1c2e758156a0b" X-ARR-LOG-ID="2e1a7ec4-084d-11f0-a912-dca9047d6722" CLIENT-IP="107.194.36.34:53890" X-SITE-DEPLOYMENT-ID="ai-event-planner-saas" WAS-DEFAULT-HOSTNAME="ai-event-planner-saas.scm.azurewebsites.net" X-Forwarded-Proto="https" X-AppService-Proto="https" X-Forwarded-TlsVersion="1.3" X-WAWS-Unencoded-URL="/api/publish?type=zip" X-Client-IP="107.194.36.34" X-Client-Port="53890" >
  <step title="Cleanup Xml Logs" date="2025-03-24T01:13:25.962" /><!-- duration: 2ms -->
  <step title="OneDeploy" date="2025-03-24T01:13:25.968" >
    <step title="Starting PushDeployAsync" date="2025-03-24T01:13:25.971" /><!-- duration: 1ms -->
    <step title="Writing artifact to /tmp/zipdeploy/b19e9978-189c-4823-85f2-28f1d06fa3e7.zip" date="2025-03-24T01:13:25.977" >
      <step title="Writing multipart request body to /tmp/zipdeploy/b19e9978-189c-4823-85f2-28f1d06fa3e7.zip" date="2025-03-24T01:13:25.979" /><!-- duration: 1ms -->
    </step><!-- duration: 34ms -->
    <step title="Attempting to fetch target branch HEAD" date="2025-03-24T01:13:26.014" /><!-- duration: 1ms -->
    <step title="Acquiring Deployment Lock" date="2025-03-24T01:13:26.016" /><!-- duration: 1ms -->
    <step title="Acquired Deployment Lock" date="2025-03-24T01:13:26.030" /><!-- duration: 1ms -->
    <step title="Performing fetch based deployment" date="2025-03-24T01:13:26.033" >
      <step title="Creating temporary deployment" date="2025-03-24T01:13:26.034" /><!-- duration: 31ms -->
      <step title="Releasing Deployment Lock" date="2025-03-24T01:13:27.138" /><!-- duration: 2ms -->
      <step title="Cleaning up temp folders from previous zip deployments and extracting pushed zip file /tmp/zipdeploy/b19e9978-189c-4823-85f2-28f1d06fa3e7.zip (0.76 MB) to /tmp/zipdeploy/extracted" date="2025-03-24T01:13:27.146" >
        <step title="ChmodRecursive Process exited with total time taken in ms: 30" date="2025-03-24T01:13:27.270" /><!-- duration: 1ms -->
      </step><!-- duration: 127ms -->
      <step title="None repository commit" date="2025-03-24T01:13:27.274" >
        <step title="Commit id: 810c7a5f-efdc-4a7b-adf4-fc60fabf806d" date="2025-03-24T01:13:27.275" Message="OneDeploy" AuthorName="N/A" AuthorEmail="N/A" /><!-- duration: 1ms -->
      </step><!-- duration: 2ms -->
      <step title="Deployment timer started" date="2025-03-24T01:13:29.278" >
        <step title="DeploymentManager.Deploy(id:810c7a5f-efdc-4a7b-adf4-fc60fabf806d)" date="2025-03-24T01:13:29.280" >
          <step title="Collecting changeset information" date="2025-03-24T01:13:29.288" /><!-- duration: 44ms -->
          <step title="Updating submodules" date="2025-03-24T01:13:29.338" /><!-- duration: 1089ms -->
          <step title="Determining deployment builder" date="2025-03-24T01:13:30.544" >
            <step title="Builder is OneDeployBuilder" date="2025-03-24T01:13:30.546" /><!-- duration: 1ms -->
          </step><!-- duration: 5ms -->
          <step title="PreDeployment: context.CleanOutputPath False" date="2025-03-24T01:13:30.574" >
            <step title="PreDeployment: context.OutputPath /home/site/wwwroot" date="2025-03-24T01:13:30.623" >
              <step title="Building" date="2025-03-24T01:13:30.688" >
                <step title="Modified file to trigger a restart of the app container." date="2025-03-24T01:13:38.238" /><!-- duration: 1ms -->
                <step title="Skip function trigger and logicapp sync because function is not enabled." date="2025-03-24T01:13:38.240" /><!-- duration: 1ms -->
              </step><!-- duration: 8012ms -->
            </step><!-- duration: 8079ms -->
            <step title="Cleaning up temp files" date="2025-03-24T01:13:38.703" /><!-- duration: 1ms -->
            <step title="Cleaning up temp files" date="2025-03-24T01:13:38.705" /><!-- duration: 502ms -->
            <step title="Reloading status file with latest updates" date="2025-03-24T01:13:39.226" >
              <step title="WebHooksManager.PublishEventAsync: PostDeployment" date="2025-03-24T01:13:39.227" /><!-- duration: 10ms -->
            </step><!-- duration: 12ms -->
            <step title="Cleaning up temporary deployment - fetch deployment was successful" date="2025-03-24T01:13:39.239" /><!-- duration: 1ms -->
          </step><!-- duration: 8713ms -->
        </step><!-- duration: 10008ms -->
        <step title="Outgoing response" date="2025-03-24T01:13:39.289" type="response" statusCode="200" statusText="OK" /><!-- duration: 1ms -->
      </step><!-- duration: 10013ms -->
