<step title="Incoming Request" date="2025-03-23T20:19:18.744" instance="44396e" url="/api/publish?type=zip" method="POST" type="request" pid="800,1,5" Accept="*/*" Host="ai-event-planner-saas.scm.azurewebsites.net" User-Agent="AZURECLI/2.67.0 (HOMEBREW)" Accept-Encoding="gzip, deflate" Authorization="Bas..." Cache-Control="no-cache" Content-Type="application/octet-stream" Content-Length="778467" x-ms-client-request-id="fa7f78b8-0823-11f0-8f0e-dca9047d6722" x-ms-artifact-checksum="71a53b85cad1dcb54f62901b9f87f80e2d9ce517ed565a0d7455778a8f46d620" X-ARR-LOG-ID="fa7f78b8-0823-11f0-8f0e-dca9047d6722" CLIENT-IP="107.194.36.34:65046" X-SITE-DEPLOYMENT-ID="ai-event-planner-saas" WAS-DEFAULT-HOSTNAME="ai-event-planner-saas.scm.azurewebsites.net" X-Forwarded-Proto="https" X-AppService-Proto="https" X-Forwarded-TlsVersion="1.3" X-WAWS-Unencoded-URL="/api/publish?type=zip" X-Client-IP="107.194.36.34" X-Client-Port="65046" >
  <step title="OneDeploy" date="2025-03-23T20:19:18.944" >
    <step title="None repository commit" date="2025-03-23T20:19:18.950" >
      <step title="Commit id: 408099ae-c070-4d2f-9806-fa6367124faa" date="2025-03-23T20:19:18.951" Message="N/A" AuthorName="N/A" AuthorEmail="N/A" /><!-- duration: 1ms -->
    </step><!-- duration: 3ms -->
    <step title="Starting PushDeployAsync" date="2025-03-23T20:19:18.955" /><!-- duration: 1ms -->
    <step title="Writing artifact to /tmp/zipdeploy/1b331a14-9847-413c-8479-02ec0a1ab930.zip" date="2025-03-23T20:19:18.963" >
      <step title="Writing multipart request body to /tmp/zipdeploy/1b331a14-9847-413c-8479-02ec0a1ab930.zip" date="2025-03-23T20:19:18.964" /><!-- duration: 1ms -->
    </step><!-- duration: 20ms -->
    <step title="Attempting to fetch target branch HEAD" date="2025-03-23T20:19:18.988" /><!-- duration: 1ms -->
    <step title="Acquiring Deployment Lock" date="2025-03-23T20:19:18.990" /><!-- duration: 1ms -->
    <step title="Acquired Deployment Lock" date="2025-03-23T20:19:19.010" /><!-- duration: 1ms -->
    <step title="Performing fetch based deployment" date="2025-03-23T20:19:19.014" >
      <step title="Creating temporary deployment" date="2025-03-23T20:19:19.015" /><!-- duration: 40ms -->
      <step title="Releasing Deployment Lock" date="2025-03-23T20:19:20.143" /><!-- duration: 3ms -->
      <step title="Cleaning up temp folders from previous zip deployments and extracting pushed zip file /tmp/zipdeploy/1b331a14-9847-413c-8479-02ec0a1ab930.zip (0.74 MB) to /tmp/zipdeploy/extracted" date="2025-03-23T20:19:20.152" >
        <step title="ChmodRecursive Process exited with total time taken in ms: 51" date="2025-03-23T20:19:20.426" /><!-- duration: 2ms -->
      </step><!-- duration: 277ms -->
      <step title="None repository commit" date="2025-03-23T20:19:20.431" >
        <step title="Commit id: 408099ae-c070-4d2f-9806-fa6367124faa" date="2025-03-23T20:19:20.432" Message="OneDeploy" AuthorName="N/A" AuthorEmail="N/A" /><!-- duration: 1ms -->
      </step><!-- duration: 4ms -->
      <step title="Deployment timer started" date="2025-03-23T20:19:22.438" >
        <step title="DeploymentManager.Deploy(id:408099ae-c070-4d2f-9806-fa6367124faa)" date="2025-03-23T20:19:22.443" >
          <step title="Collecting changeset information" date="2025-03-23T20:19:22.449" /><!-- duration: 66ms -->
          <step title="Updating submodules" date="2025-03-23T20:19:22.517" /><!-- duration: 1074ms -->
          <step title="Determining deployment builder" date="2025-03-23T20:19:23.706" >
            <step title="Builder is OneDeployBuilder" date="2025-03-23T20:19:23.712" /><!-- duration: 1ms -->
          </step><!-- duration: 9ms -->
          <step title="PreDeployment: context.CleanOutputPath False" date="2025-03-23T20:19:23.745" >
            <step title="PreDeployment: context.OutputPath /home/site/wwwroot" date="2025-03-23T20:19:23.801" >
              <step title="Building" date="2025-03-23T20:19:23.898" >
                <step title="Modified file to trigger a restart of the app container." date="2025-03-23T20:19:32.682" /><!-- duration: 2ms -->
                <step title="Skip function trigger and logicapp sync because function is not enabled." date="2025-03-23T20:19:32.693" /><!-- duration: 1ms -->
              </step><!-- duration: 9282ms -->
            </step><!-- duration: 9380ms -->
            <step title="Cleaning up temp files" date="2025-03-23T20:19:33.182" /><!-- duration: 2ms -->
            <step title="Cleaning up temp files" date="2025-03-23T20:19:33.185" /><!-- duration: 502ms -->
            <step title="Reloading status file with latest updates" date="2025-03-23T20:19:33.701" >
              <step title="WebHooksManager.PublishEventAsync: PostDeployment" date="2025-03-23T20:19:33.703" /><!-- duration: 28ms -->
            </step><!-- duration: 31ms -->
            <step title="Cleaning up temporary deployment - fetch deployment was successful" date="2025-03-23T20:19:33.735" /><!-- duration: 1ms -->
          </step><!-- duration: 10062ms -->
        </step><!-- duration: 11367ms -->
        <step title="Outgoing response" date="2025-03-23T20:19:33.816" type="response" statusCode="200" statusText="OK" /><!-- duration: 1ms -->
      </step><!-- duration: 11380ms -->
