<step title="Incoming Request" date="2025-03-24T01:26:45.643" instance="c25122" url="/api/zipdeploy?isAsync=true" method="POST" type="request" pid="801,1,87" Accept="*/*" Host="ai-event-planner-saas.scm.azurewebsites.net" User-Agent="AZURECLI/2.67.0 (HOMEBREW)" Accept-Encoding="gzip, deflate" Authorization="Bas..." Cache-Control="no-cache" Content-Type="application/octet-stream" Content-Length="845841" x-ms-client-request-id="0ae17ee2-084f-11f0-a245-dca9047d6722" x-ms-artifact-checksum="7c29f3c5f7230a225180396c82e84bf8f4a9c6e7533650ca743ca82a74942503" X-ARR-LOG-ID="0ae17ee2-084f-11f0-a245-dca9047d6722" CLIENT-IP="107.194.36.34:54181" X-SITE-DEPLOYMENT-ID="ai-event-planner-saas" WAS-DEFAULT-HOSTNAME="ai-event-planner-saas.scm.azurewebsites.net" X-Forwarded-Proto="https" X-AppService-Proto="https" X-Forwarded-TlsVersion="1.3" X-WAWS-Unencoded-URL="/api/zipdeploy?isAsync=true" X-Client-IP="107.194.36.34" X-Client-Port="54181" >
  <step title="Cleanup Xml Logs" date="2025-03-24T01:26:45.658" /><!-- duration: 3ms -->
  <step title="ZipPushDeploy" date="2025-03-24T01:26:45.664" >
    <step title="ZipDeploy. Extract zip." date="2025-03-24T01:26:45.667" /><!-- duration: 1ms -->
    <step title="Starting PushDeployAsync" date="2025-03-24T01:26:45.669" /><!-- duration: 1ms -->
    <step title="Writing artifact to /tmp/zipdeploy/a96f7360-ca4e-4ef9-a990-8169ed5afcc9.zip" date="2025-03-24T01:26:45.676" >
      <step title="Writing multipart request body to /tmp/zipdeploy/a96f7360-ca4e-4ef9-a990-8169ed5afcc9.zip" date="2025-03-24T01:26:45.683" /><!-- duration: 1ms -->
    </step><!-- duration: 21ms -->
    <step title="Start deployment in the background" date="2025-03-24T01:26:45.701" >
      <step title="Acquiring Deployment Lock" date="2025-03-24T01:26:45.709" /><!-- duration: 1ms -->
      <step title="Acquired Deployment Lock" date="2025-03-24T01:26:45.726" /><!-- duration: 1ms -->
    </step><!-- duration: 73ms -->
  </step><!-- duration: 111ms -->
  <step title="Outgoing response" date="2025-03-24T01:26:45.777" type="response" statusCode="202" statusText="Accepted" /><!-- duration: 1ms -->
</step><!-- duration: 136ms -->
