<step title="Incoming Request" date="2025-03-24T00:49:15.077" instance="c25122" url="/api/publish?type=zip" method="POST" type="request" pid="801,1,14" Accept="*/*" Host="ai-event-planner-saas.scm.azurewebsites.net" User-Agent="AZURECLI/2.67.0 (HOMEBREW)" Accept-Encoding="gzip, deflate" Authorization="Bas..." Cache-Control="no-cache" Content-Type="application/octet-stream" Content-Length="791973" x-ms-client-request-id="c9c2e77a-0849-11f0-a6bc-dca9047d6722" x-ms-artifact-checksum="f009bb3b8e7a258ff4eba3a0ba226e09a468e438cf67d7bd6a3e31f893f43ae5" X-ARR-LOG-ID="c9c2e77a-0849-11f0-a6bc-dca9047d6722" CLIENT-IP="107.194.36.34:53153" X-SITE-DEPLOYMENT-ID="ai-event-planner-saas" WAS-DEFAULT-HOSTNAME="ai-event-planner-saas.scm.azurewebsites.net" X-Forwarded-Proto="https" X-AppService-Proto="https" X-Forwarded-TlsVersion="1.3" X-WAWS-Unencoded-URL="/api/publish?type=zip" X-Client-IP="107.194.36.34" X-Client-Port="53153" >
  <step title="OneDeploy" date="2025-03-24T00:49:15.246" >
    <step title="None repository commit" date="2025-03-24T00:49:15.253" >
      <step title="Commit id: 5d9aa504-ed07-4085-9057-ad06ac231e82" date="2025-03-24T00:49:15.254" Message="N/A" AuthorName="N/A" AuthorEmail="N/A" /><!-- duration: 1ms -->
    </step><!-- duration: 3ms -->
    <step title="Starting PushDeployAsync" date="2025-03-24T00:49:15.257" /><!-- duration: 1ms -->
    <step title="Writing artifact to /tmp/zipdeploy/a97993fe-c463-437c-a355-84908d28ec75.zip" date="2025-03-24T00:49:15.265" >
      <step title="Writing multipart request body to /tmp/zipdeploy/a97993fe-c463-437c-a355-84908d28ec75.zip" date="2025-03-24T00:49:15.267" /><!-- duration: 1ms -->
    </step><!-- duration: 29ms -->
    <step title="Attempting to fetch target branch HEAD" date="2025-03-24T00:49:15.302" /><!-- duration: 1ms -->
    <step title="Acquiring Deployment Lock" date="2025-03-24T00:49:15.308" /><!-- duration: 1ms -->
    <step title="Acquired Deployment Lock" date="2025-03-24T00:49:15.324" /><!-- duration: 1ms -->
    <step title="Performing fetch based deployment" date="2025-03-24T00:49:15.328" >
      <step title="Creating temporary deployment" date="2025-03-24T00:49:15.332" /><!-- duration: 55ms -->
      <step title="Releasing Deployment Lock" date="2025-03-24T00:49:16.486" /><!-- duration: 2ms -->
      <step title="Cleaning up temp folders from previous zip deployments and extracting pushed zip file /tmp/zipdeploy/a97993fe-c463-437c-a355-84908d28ec75.zip (0.76 MB) to /tmp/zipdeploy/extracted" date="2025-03-24T00:49:16.499" >
        <step title="ChmodRecursive Process exited with total time taken in ms: 20" date="2025-03-24T00:49:16.586" /><!-- duration: 1ms -->
      </step><!-- duration: 89ms -->
      <step title="None repository commit" date="2025-03-24T00:49:16.589" >
        <step title="Commit id: 5d9aa504-ed07-4085-9057-ad06ac231e82" date="2025-03-24T00:49:16.590" Message="OneDeploy" AuthorName="N/A" AuthorEmail="N/A" /><!-- duration: 1ms -->
      </step><!-- duration: 3ms -->
      <step title="Deployment timer started" date="2025-03-24T00:49:18.595" >
        <step title="DeploymentManager.Deploy(id:5d9aa504-ed07-4085-9057-ad06ac231e82)" date="2025-03-24T00:49:18.597" >
          <step title="Collecting changeset information" date="2025-03-24T00:49:18.609" /><!-- duration: 49ms -->
          <step title="Updating submodules" date="2025-03-24T00:49:18.659" /><!-- duration: 1082ms -->
          <step title="Determining deployment builder" date="2025-03-24T00:49:19.855" >
            <step title="Builder is OneDeployBuilder" date="2025-03-24T00:49:19.859" /><!-- duration: 1ms -->
          </step><!-- duration: 6ms -->
          <step title="PreDeployment: context.CleanOutputPath False" date="2025-03-24T00:49:19.884" >
            <step title="PreDeployment: context.OutputPath /home/site/wwwroot" date="2025-03-24T00:49:19.943" >
              <step title="Building" date="2025-03-24T00:49:20.009" >
                <step title="Modified file to trigger a restart of the app container." date="2025-03-24T00:49:27.488" /><!-- duration: 1ms -->
                <step title="Skip function trigger and logicapp sync because function is not enabled." date="2025-03-24T00:49:27.492" /><!-- duration: 1ms -->
              </step><!-- duration: 7951ms -->
            </step><!-- duration: 8018ms -->
            <step title="Cleaning up temp files" date="2025-03-24T00:49:27.961" /><!-- duration: 1ms -->
            <step title="Cleaning up temp files" date="2025-03-24T00:49:27.966" /><!-- duration: 502ms -->
            <step title="Reloading status file with latest updates" date="2025-03-24T00:49:28.488" >
              <step title="WebHooksManager.PublishEventAsync: PostDeployment" date="2025-03-24T00:49:28.490" /><!-- duration: 28ms -->
            </step><!-- duration: 31ms -->
            <step title="Cleaning up temporary deployment - fetch deployment was successful" date="2025-03-24T00:49:28.521" /><!-- duration: 1ms -->
          </step><!-- duration: 8683ms -->
        </step><!-- duration: 9973ms -->
        <step title="Outgoing response" date="2025-03-24T00:49:28.575" type="response" statusCode="200" statusText="OK" /><!-- duration: 1ms -->
      </step><!-- duration: 9982ms -->
