<step title="Incoming Request" date="2025-03-24T01:26:17.433" instance="c25122" url="/api/deployments/latest" method="GET" type="request" pid="801,1,79" Accept="*/*" Host="ai-event-planner-saas.scm.azurewebsites.net" User-Agent="AZURECLI/2.67.0 (HOMEBREW)" Accept-Encoding="gzip, deflate" Authorization="Bas..." x-ms-client-request-id="f79ff142-084e-11f0-9eba-dca9047d6722" X-ARR-LOG-ID="f79ff142-084e-11f0-9eba-dca9047d6722" CLIENT-IP="107.194.36.34:54165" X-SITE-DEPLOYMENT-ID="ai-event-planner-saas" WAS-DEFAULT-HOSTNAME="ai-event-planner-saas.scm.azurewebsites.net" X-Forwarded-Proto="https" X-AppService-Proto="https" X-Forwarded-TlsVersion="1.3" X-WAWS-Unencoded-URL="/api/deployments/latest" X-Client-IP="107.194.36.34" X-Client-Port="54165" >
  <step title="Cleanup Xml Logs" date="2025-03-24T01:26:17.434" /><!-- duration: 2ms -->
  <step title="DeploymentService.GetResult" date="2025-03-24T01:26:17.438" >
    <step title="DeploymentService.GetLatestDeployment" date="2025-03-24T01:26:17.439" >
      <step title="DeploymentManager.GetResults" date="2025-03-24T01:26:17.440" /><!-- duration: 144ms -->
      <step title="Deployment 5c9a654e-1fdc-449d-98f5-b7567722304f is Pending" date="2025-03-24T01:26:17.585" /><!-- duration: 1ms -->
    </step><!-- duration: 150ms -->
    <step title="Redirecting to latest deployment: https://ai-event-planner-saas.scm.azurewebsites.net/api/deployments/latest" date="2025-03-24T01:26:17.590" /><!-- duration: 1ms -->
  </step><!-- duration: 154ms -->
  <step title="Outgoing response" date="2025-03-24T01:26:17.594" type="response" statusCode="202" statusText="Accepted" /><!-- duration: 1ms -->
</step><!-- duration: 163ms -->
