<step title="BackgroundTrace" date="2025-03-24T01:26:45.703" instance="c25122" url="/api/zipdeploy" method="POST" >
  <step title="Creating temporary deployment - FetchDeploymentManager" date="2025-03-24T01:26:45.728" /><!-- duration: 1ms -->
  <step title="Creating temporary deployment" date="2025-03-24T01:26:45.735" /><!-- duration: 38ms -->
  <step title="Performing fetch based deployment" date="2025-03-24T01:26:45.791" >
    <step title="Cleaning up temp folders from previous zip deployments and extracting pushed zip file /tmp/zipdeploy/a96f7360-ca4e-4ef9-a990-8169ed5afcc9.zip (0.81 MB) to /tmp/zipdeploy/extracted" date="2025-03-24T01:26:46.862" >
      <step title="ChmodRecursive Process exited with total time taken in ms: 26" date="2025-03-24T01:26:47.009" /><!-- duration: 1ms -->
    </step><!-- duration: 149ms -->
    <step title="Deployment timer started" date="2025-03-24T01:26:49.015" >
      <step title="DeploymentManager.Deploy(id:74c4ce02-e264-453d-9395-1df44ec7f660)" date="2025-03-24T01:26:49.016" >
        <step title="Collecting changeset information" date="2025-03-24T01:26:49.022" /><!-- duration: 53ms -->
        <step title="Updating submodules" date="2025-03-24T01:26:49.077" /><!-- duration: 1058ms -->
        <step title="Determining deployment builder" date="2025-03-24T01:26:50.244" >
          <step title="Builder is BasicBuilder" date="2025-03-24T01:26:50.247" /><!-- duration: 1ms -->
        </step><!-- duration: 6ms -->
        <step title="PreDeployment: context.CleanOutputPath False" date="2025-03-24T01:26:50.270" >
          <step title="PreDeployment: context.OutputPath /home/site/wwwroot" date="2025-03-24T01:26:50.323" >
            <step title="Building" date="2025-03-24T01:26:50.393" >
              <step title="Generating deployment script" date="2025-03-24T01:26:50.446" >
                <step title="Executing external process" date="2025-03-24T01:26:50.463" type="process" path="starter.sh" arguments="&quot;/opt/Kudu/node_modules/.bin/kuduscript&quot; -y --no-dot-deployment -r &quot;/tmp/zipdeploy/extracted&quot; -o &quot;/home/site/deployments/tools&quot; --basic --sitePath &quot;/tmp/zipdeploy/extracted&quot;" /><!-- duration: 233ms -->
                <step title="Saved cached version of the deployment script for command -y --no-dot-deployment -r &quot;/tmp/zipdeploy/extracted&quot; -o &quot;/home/site/deployments/tools&quot; --basic --sitePath &quot;/tmp/zipdeploy/extracted&quot;" date="2025-03-24T01:26:50.724" /><!-- duration: 1ms -->
              </step><!-- duration: 280ms -->
              <step title="Executing external process" date="2025-03-24T01:26:50.789" type="process" path="starter.sh" arguments="&quot;/home/site/deployments/tools/deploy.sh&quot;" /><!-- duration: 4580ms -->
              <step title="Triggering recycle (preview mode disabled)." date="2025-03-24T01:26:55.505" /><!-- duration: 1ms -->
              <step title="Modified file to trigger a restart of the app container." date="2025-03-24T01:26:55.522" /><!-- duration: 1ms -->
              <step title="Skip function trigger and logicapp sync because function is not enabled." date="2025-03-24T01:26:55.524" /><!-- duration: 4ms -->
              <step title="Purge deployment items" date="2025-03-24T01:26:55.996" >
                <step title="Remove 5c9a654e-, Failed, received at 03/24/2025 01:26:16" date="2025-03-24T01:26:56.017" /><!-- duration: 1ms -->
              </step><!-- duration: 26ms -->
            </step><!-- duration: 5664ms -->
          </step><!-- duration: 5736ms -->
          <step title="Cleaning up temp files" date="2025-03-24T01:26:56.060" /><!-- duration: 1ms -->
          <step title="Cleaning up temp files" date="2025-03-24T01:26:56.062" /><!-- duration: 502ms -->
          <step title="Reloading status file with latest updates" date="2025-03-24T01:26:56.577" >
            <step title="WebHooksManager.PublishEventAsync: PostDeployment" date="2025-03-24T01:26:56.579" /><!-- duration: 12ms -->
          </step><!-- duration: 15ms -->
          <step title="Cleaning up temporary deployment - fetch deployment was successful" date="2025-03-24T01:26:56.594" /><!-- duration: 1ms -->
        </step><!-- duration: 6377ms -->
      </step><!-- duration: 7636ms -->
