﻿<?xml version="1.0" encoding="utf-8"?>
<deployment>
  <id>d31939ad-f601-432b-8bf5-ba7b34229d11</id>
  <author>N/A</author>
  <deployer>Push-Deployer</deployer>
  <authorEmail>N/A</authorEmail>
  <message>Created via a push deployment</message>
  <progress></progress>
  <status>Success</status>
  <statusText></statusText>
  <lastSuccessEndTime>2025-06-20T11:55:18.2656552Z</lastSuccessEndTime>
  <receivedTime>2025-06-20T11:55:04.7811842Z</receivedTime>
  <startTime>2025-06-20T11:55:06.2505316Z</startTime>
  <endTime>2025-06-20T11:55:18.2656552Z</endTime>
  <complete>True</complete>
  <is_temp>False</is_temp>
  <is_readonly>True</is_readonly>
  <buildSummary />
</deployment>