﻿<?xml version="1.0" encoding="utf-8"?>
<deployment>
  <id>74c4ce02-e264-453d-9395-1df44ec7f660</id>
  <author>N/A</author>
  <deployer>Push-Deployer</deployer>
  <authorEmail>N/A</authorEmail>
  <message>Created via a push deployment</message>
  <progress></progress>
  <status>Success</status>
  <statusText></statusText>
  <lastSuccessEndTime>2025-03-24T01:26:55.7960027Z</lastSuccessEndTime>
  <receivedTime>2025-03-24T01:26:49.0332181Z</receivedTime>
  <startTime>2025-03-24T01:26:50.2031385Z</startTime>
  <endTime>2025-03-24T01:26:55.7960027Z</endTime>
  <complete>True</complete>
  <is_temp>False</is_temp>
  <is_readonly>True</is_readonly>
  <buildSummary />
</deployment>