﻿<?xml version="1.0" encoding="utf-8"?>
<deployment>
  <id>810c7a5f-efdc-4a7b-adf4-fc60fabf806d</id>
  <author>N/A</author>
  <deployer>OneDeploy</deployer>
  <authorEmail>N/A</authorEmail>
  <message>OneDeploy</message>
  <progress></progress>
  <status>Success</status>
  <statusText></statusText>
  <lastSuccessEndTime>2025-03-24T01:13:38.5369019Z</lastSuccessEndTime>
  <receivedTime>2025-03-24T01:13:29.3013781Z</receivedTime>
  <startTime>2025-03-24T01:13:30.5117604Z</startTime>
  <endTime>2025-03-24T01:13:38.5369019Z</endTime>
  <complete>True</complete>
  <is_temp>False</is_temp>
  <is_readonly>True</is_readonly>
  <buildSummary />
</deployment>