﻿<?xml version="1.0" encoding="utf-8"?>
<deployment>
  <id>8b38fe80-d339-45f7-be4e-cb4b1745895b</id>
  <author>N/A</author>
  <deployer>Push-Deployer</deployer>
  <authorEmail>N/A</authorEmail>
  <message>Created via a push deployment</message>
  <progress></progress>
  <status>Failed</status>
  <statusText>Deployment has been stopped due to SCM container restart. The restart can happen due to a management operation on site. Do not perform a management operation and a deployment operation in quick succession. Adding a small delay can help avoid any conflicts.</statusText>
  <lastSuccessEndTime />
  <receivedTime>2025-06-26T22:18:43.4751068Z</receivedTime>
  <startTime>2025-06-26T22:18:46.8990355Z</startTime>
  <endTime>2025-06-26T22:18:49.1692742Z</endTime>
  <complete>True</complete>
  <is_temp>False</is_temp>
  <is_readonly>True</is_readonly>
  <buildSummary />
</deployment>