﻿<?xml version="1.0" encoding="utf-8"?>
<deployment>
  <id>408099ae-c070-4d2f-9806-fa6367124faa</id>
  <author>N/A</author>
  <deployer>OneDeploy</deployer>
  <authorEmail>N/A</authorEmail>
  <message>OneDeploy</message>
  <progress></progress>
  <status>Success</status>
  <statusText></statusText>
  <lastSuccessEndTime>2025-03-23T20:19:32.9722776Z</lastSuccessEndTime>
  <receivedTime>2025-03-23T20:19:22.4626364Z</receivedTime>
  <startTime>2025-03-23T20:19:23.6721761Z</startTime>
  <endTime>2025-03-23T20:19:32.9722776Z</endTime>
  <complete>True</complete>
  <is_temp>False</is_temp>
  <is_readonly>True</is_readonly>
  <buildSummary />
</deployment>