﻿<?xml version="1.0" encoding="utf-8"?>
<deployment>
  <id>ba71e1c7-a0a6-4b40-80a5-6d83583862a6</id>
  <author>N/A</author>
  <deployer>Push-Deployer</deployer>
  <authorEmail>N/A</authorEmail>
  <message>Created via a push deployment</message>
  <progress></progress>
  <status>Success</status>
  <statusText></statusText>
  <lastSuccessEndTime>2025-06-22T02:05:20.3585508Z</lastSuccessEndTime>
  <receivedTime>2025-06-22T02:04:13.7565611Z</receivedTime>
  <startTime>2025-06-22T02:04:15.4844835Z</startTime>
  <endTime>2025-06-22T02:05:20.3585508Z</endTime>
  <complete>True</complete>
  <is_temp>False</is_temp>
  <is_readonly>True</is_readonly>
  <buildSummary />
</deployment>