﻿<?xml version="1.0" encoding="utf-8"?>
<deployment>
  <id>16a4a32b-8eac-4fc6-b12f-26bd0c62bc7c</id>
  <author>N/A</author>
  <deployer>Push-Deployer</deployer>
  <authorEmail>N/A</authorEmail>
  <message>Created via a push deployment</message>
  <progress></progress>
  <status>Success</status>
  <statusText></statusText>
  <lastSuccessEndTime>2025-06-22T22:08:26.2763857Z</lastSuccessEndTime>
  <receivedTime>2025-06-22T22:07:51.8187048Z</receivedTime>
  <startTime>2025-06-22T22:07:53.1937461Z</startTime>
  <endTime>2025-06-22T22:08:26.2763857Z</endTime>
  <complete>True</complete>
  <is_temp>False</is_temp>
  <is_readonly>True</is_readonly>
  <buildSummary />
</deployment>