﻿<?xml version="1.0" encoding="utf-8"?>
<deployment>
  <id>5d9aa504-ed07-4085-9057-ad06ac231e82</id>
  <author>N/A</author>
  <deployer>OneDeploy</deployer>
  <authorEmail>N/A</authorEmail>
  <message>OneDeploy</message>
  <progress></progress>
  <status>Success</status>
  <statusText></statusText>
  <lastSuccessEndTime>2025-03-24T00:49:27.7815902Z</lastSuccessEndTime>
  <receivedTime>2025-03-24T00:49:18.6232698Z</receivedTime>
  <startTime>2025-03-24T00:49:19.8231147Z</startTime>
  <endTime>2025-03-24T00:49:27.7815902Z</endTime>
  <complete>True</complete>
  <is_temp>False</is_temp>
  <is_readonly>True</is_readonly>
  <buildSummary />
</deployment>