﻿<?xml version="1.0" encoding="utf-8"?>
<deployment>
  <id>a97d02aa-9f0f-404f-b2a0-e0013703cb0d</id>
  <author>N/A</author>
  <deployer>Push-Deployer</deployer>
  <authorEmail>N/A</authorEmail>
  <message>Created via a push deployment</message>
  <progress></progress>
  <status>Success</status>
  <statusText></statusText>
  <lastSuccessEndTime>2025-06-22T22:26:56.7613894Z</lastSuccessEndTime>
  <receivedTime>2025-06-22T22:26:23.5473462Z</receivedTime>
  <startTime>2025-06-22T22:26:24.9533909Z</startTime>
  <endTime>2025-06-22T22:26:56.7613894Z</endTime>
  <complete>True</complete>
  <is_temp>False</is_temp>
  <is_readonly>True</is_readonly>
  <buildSummary />
</deployment>