﻿<?xml version="1.0" encoding="utf-8"?>
<deployment>
  <id>c605ca92-e2ec-4144-811b-14432d91b310</id>
  <author>N/A</author>
  <deployer>Push-Deployer</deployer>
  <authorEmail>N/A</authorEmail>
  <message>Created via a push deployment</message>
  <progress></progress>
  <status>Success</status>
  <statusText></statusText>
  <lastSuccessEndTime>2025-06-22T15:48:15.5781058Z</lastSuccessEndTime>
  <receivedTime>2025-06-22T15:46:59.7761927Z</receivedTime>
  <startTime>2025-06-22T15:47:01.8705459Z</startTime>
  <endTime>2025-06-22T15:48:15.5781058Z</endTime>
  <complete>True</complete>
  <is_temp>False</is_temp>
  <is_readonly>True</is_readonly>
  <buildSummary />
</deployment>