﻿<?xml version="1.0" encoding="utf-8"?>
<deployment>
  <id>e0157a4e-1262-43f5-b895-7faa80d1939e</id>
  <author>N/A</author>
  <deployer>Push-Deployer</deployer>
  <authorEmail>N/A</authorEmail>
  <message>Created via a push deployment</message>
  <progress></progress>
  <status>Success</status>
  <statusText></statusText>
  <lastSuccessEndTime>2025-07-16T00:28:29.2899604Z</lastSuccessEndTime>
  <receivedTime>2025-07-16T00:28:15.74378Z</receivedTime>
  <startTime>2025-07-16T00:28:17.1607862Z</startTime>
  <endTime>2025-07-16T00:28:29.2899604Z</endTime>
  <complete>True</complete>
  <is_temp>False</is_temp>
  <is_readonly>True</is_readonly>
  <buildSummary />
</deployment>