﻿<?xml version="1.0" encoding="utf-8"?>
<deployment>
  <id>1fbd385d-7f11-4c9b-98eb-252688b0428c</id>
  <author>N/A</author>
  <deployer>Push-Deployer</deployer>
  <authorEmail>N/A</authorEmail>
  <message>Created via a push deployment</message>
  <progress></progress>
  <status>Success</status>
  <statusText></statusText>
  <lastSuccessEndTime>2025-06-22T02:22:08.513601Z</lastSuccessEndTime>
  <receivedTime>2025-06-22T02:21:00.8038857Z</receivedTime>
  <startTime>2025-06-22T02:21:02.3790519Z</startTime>
  <endTime>2025-06-22T02:22:08.513601Z</endTime>
  <complete>True</complete>
  <is_temp>False</is_temp>
  <is_readonly>True</is_readonly>
  <buildSummary />
</deployment>