<step title="BackgroundTrace" date="2025-06-20T11:55:00.188" instance="594f48" url="/api/zipdeploy" method="POST" >
  <step title="Creating temporary deployment - FetchDeploymentManager" date="2025-06-20T11:55:00.274" /><!-- duration: 6ms -->
  <step title="Creating temporary deployment" date="2025-06-20T11:55:00.285" /><!-- duration: 67ms -->
  <step title="Performing fetch based deployment" date="2025-06-20T11:55:00.442" >
    <step title="Cleaning up temp folders from previous zip deployments and extracting pushed zip file /tmp/zipdeploy/fca03cae-1ecf-4c2d-bcdf-6e211921142c.zip (1.32 MB) to /tmp/zipdeploy/extracted" date="2025-06-20T11:55:01.813" >
      <step title="ChmodRecursive Process exited with total time taken in ms: 100" date="2025-06-20T11:55:02.660" /><!-- duration: 5ms -->
    </step><!-- duration: 858ms -->
    <step title="Deployment timer started" date="2025-06-20T11:55:04.692" >
      <step title="DeploymentManager.Deploy(id:d31939ad-f601-432b-8bf5-ba7b34229d11)" date="2025-06-20T11:55:04.709" >
        <step title="Collecting changeset information" date="2025-06-20T11:55:04.734" /><!-- duration: 120ms -->
        <step title="Updating submodules" date="2025-06-20T11:55:04.863" /><!-- duration: 1177ms -->
        <step title="Determining deployment builder" date="2025-06-20T11:55:06.314" >
          <step title="Builder is BasicBuilder" date="2025-06-20T11:55:06.329" /><!-- duration: 4ms -->
        </step><!-- duration: 25ms -->
        <step title="PreDeployment: context.CleanOutputPath False" date="2025-06-20T11:55:06.397" >
          <step title="PreDeployment: context.OutputPath /home/site/wwwroot" date="2025-06-20T11:55:06.564" >
            <step title="Building" date="2025-06-20T11:55:06.692" >
              <step title="Generating deployment script" date="2025-06-20T11:55:06.821" >
                <step title="Using cached version of the deployment script for command: -y --no-dot-deployment -r &quot;/tmp/zipdeploy/extracted&quot; -o &quot;/home/site/deployments/tools&quot; --basic --sitePath &quot;/tmp/zipdeploy/extracted&quot;" date="2025-06-20T11:55:06.877" /><!-- duration: 4ms -->
              </step><!-- duration: 99ms -->
              <step title="Executing external process" date="2025-06-20T11:55:07.171" type="process" path="starter.sh" arguments="&quot;/home/site/deployments/tools/deploy.sh&quot;" /><!-- duration: 10330ms -->
              <step title="Triggering recycle (preview mode disabled)." date="2025-06-20T11:55:17.857" /><!-- duration: 4ms -->
              <step title="Modified file to trigger a restart of the app container." date="2025-06-20T11:55:17.895" /><!-- duration: 7ms -->
              <step title="Skip function trigger and logicapp sync because function is not enabled." date="2025-06-20T11:55:17.908" /><!-- duration: 4ms -->
            </step><!-- duration: 12205ms -->
          </step><!-- duration: 12352ms -->
          <step title="Cleaning up temp files" date="2025-06-20T11:55:18.927" /><!-- duration: 7ms -->
          <step title="Cleaning up temp files" date="2025-06-20T11:55:18.939" /><!-- duration: 509ms -->
          <step title="Reloading status file with latest updates" date="2025-06-20T11:55:19.487" >
            <step title="WebHooksManager.PublishEventAsync: PostDeployment" date="2025-06-20T11:55:19.492" /><!-- duration: 40ms -->
          </step><!-- duration: 51ms -->
          <step title="Cleaning up temporary deployment - fetch deployment was successful" date="2025-06-20T11:55:19.549" /><!-- duration: 4ms -->
        </step><!-- duration: 13249ms -->
      </step><!-- duration: 14959ms -->
