<step title="Incoming Request" date="2025-06-20T11:55:10.337" instance="594f48" url="/api/deployments/latest" method="GET" type="request" pid="769,1,17" Accept="*/*" Host="ai-event-planner-saas-py.scm.azurewebsites.net" User-Agent="AZURECLI/2.72.0 (HOMEBREW)" Accept-Encoding="gzip, deflate" Authorization="Bas..." x-ms-client-request-id="5ecd556c-4dcd-11f0-b5f6-dca9047d6722" X-ARR-LOG-ID="5ecd556c-4dcd-11f0-b5f6-dca9047d6722" CLIENT-IP="107.194.36.34:62426" X-SITE-DEPLOYMENT-ID="ai-event-planner-saas-py" WAS-DEFAULT-HOSTNAME="ai-event-planner-saas-py.scm.azurewebsites.net" X-Forwarded-Proto="https" X-AppService-Proto="https" X-Forwarded-TlsVersion="1.3" X-WAWS-Unencoded-URL="/api/deployments/latest" X-Client-IP="107.194.36.34" X-Client-Port="62426" >
  <step title="Cleanup Xml Logs" date="2025-06-20T11:55:10.345" /><!-- duration: 21ms -->
  <step title="DeploymentService.GetResult" date="2025-06-20T11:55:10.385" >
    <step title="DeploymentService.GetLatestDeployment" date="2025-06-20T11:55:10.394" >
      <step title="DeploymentManager.GetResults" date="2025-06-20T11:55:10.401" /><!-- duration: 991ms -->
      <step title="Deployment d31939ad-f601-432b-8bf5-ba7b34229d11 is Building" date="2025-06-20T11:55:11.409" /><!-- duration: 14ms -->
    </step><!-- duration: 1037ms -->
  </step><!-- duration: 1052ms -->
  <step title="Outgoing response" date="2025-06-20T11:55:11.442" type="response" statusCode="202" statusText="Accepted" /><!-- duration: 4ms -->
</step><!-- duration: 1115ms -->
