<step title="Incoming Request" date="2025-06-22T22:07:52.082" instance="594f48" url="/api/deployments/latest" method="GET" type="request" pid="767,1,3" Accept="*/*" Host="ai-event-planner-saas-py.scm.azurewebsites.net" User-Agent="AZURECLI/2.72.0 (HOMEBREW)" Accept-Encoding="gzip, deflate" Authorization="Bas..." x-ms-client-request-id="4f189368-4fb5-11f0-9547-dca9047d6722" X-ARR-LOG-ID="4f189368-4fb5-11f0-9547-dca9047d6722" CLIENT-IP="71.69.80.30:53692" X-SITE-DEPLOYMENT-ID="ai-event-planner-saas-py" WAS-DEFAULT-HOSTNAME="ai-event-planner-saas-py.scm.azurewebsites.net" X-Forwarded-Proto="https" X-AppService-Proto="https" X-Forwarded-TlsVersion="1.3" X-WAWS-Unencoded-URL="/api/deployments/latest" X-Client-IP="71.69.80.30" X-Client-Port="53692" >
  <step title="Cleanup Xml Logs" date="2025-06-22T22:07:52.088" >
    <step title="Cleanup Infos" date="2025-06-22T22:07:52.105" totalFiles="287" totalCleanup="127" /><!-- duration: 3ms -->
  </step><!-- duration: 25ms -->
  <step title="DeploymentService.GetResult" date="2025-06-22T22:07:52.130" >
    <step title="DeploymentService.GetLatestDeployment" date="2025-06-22T22:07:52.133" >
      <step title="DeploymentManager.GetResults" date="2025-06-22T22:07:52.138" /><!-- duration: 535ms -->
    </step><!-- duration: 549ms -->
  </step><!-- duration: 555ms -->
  <step title="Outgoing response" date="2025-06-22T22:07:52.697" type="response" statusCode="202" statusText="Accepted" /><!-- duration: 3ms -->
</step><!-- duration: 620ms -->
