<step title="Incoming Request" date="2025-06-22T02:04:08.962" instance="594f48" url="/api/zipdeploy?isAsync=true" method="POST" type="request" pid="772,1,15" Accept="*/*" Host="ai-event-planner-saas-py.scm.azurewebsites.net" User-Agent="AZURECLI/2.72.0 (HOMEBREW)" Accept-Encoding="gzip, deflate" Authorization="Bas..." Cache-Control="no-cache" Content-Type="application/octet-stream" Cookie="ARRAffinity=594f482b2f7a503f66217ddc6c24db2d4a34c0acff09b6ba35b8fadec34a5697; ARRAffinitySameSite=594f482b2f7a503f66217ddc6c24db2d4a34c0acff09b6ba35b8fadec34a5697" Content-Length="638326" x-ms-client-request-id="291254c2-4f0d-11f0-9e98-dca9047d6722" x-ms-artifact-checksum="eb44dda8801e6d62946b6bd9d4aa88f643d674590e340e692dfdba1c4a835dfa" X-ARR-LOG-ID="291254c2-4f0d-11f0-9e98-dca9047d6722" CLIENT-IP="107.194.36.34:51819" X-SITE-DEPLOYMENT-ID="ai-event-planner-saas-py" WAS-DEFAULT-HOSTNAME="ai-event-planner-saas-py.scm.azurewebsites.net" X-Forwarded-Proto="https" X-AppService-Proto="https" X-Forwarded-TlsVersion="1.3" X-WAWS-Unencoded-URL="/api/zipdeploy?isAsync=true" X-Client-IP="107.194.36.34" X-Client-Port="51819" >
  <step title="ZipPushDeploy" date="2025-06-22T02:04:09.095" >
    <step title="ZipDeploy. Extract zip. Remote build." date="2025-06-22T02:04:09.117" /><!-- duration: 4ms -->
    <step title="None repository commit" date="2025-06-22T02:04:09.134" >
      <step title="Commit id: ba71e1c7-a0a6-4b40-80a5-6d83583862a6" date="2025-06-22T02:04:09.137" Message="N/A" AuthorName="N/A" AuthorEmail="N/A" /><!-- duration: 4ms -->
    </step><!-- duration: 12ms -->
    <step title="Starting PushDeployAsync" date="2025-06-22T02:04:09.151" /><!-- duration: 4ms -->
    <step title="Writing artifact to /tmp/zipdeploy/da89a7d2-5cdc-4129-a5cb-c6f0f60f59bf.zip" date="2025-06-22T02:04:09.200" >
      <step title="Writing multipart request body to /tmp/zipdeploy/da89a7d2-5cdc-4129-a5cb-c6f0f60f59bf.zip" date="2025-06-22T02:04:09.205" /><!-- duration: 3ms -->
    </step><!-- duration: 172ms -->
    <step title="Removing previous build artifact&apos;s manifest file" date="2025-06-22T02:04:09.391" >
      <step title="Start deployment in the background" date="2025-06-22T02:04:09.427" >
        <step title="Acquiring Deployment Lock" date="2025-06-22T02:04:09.471" /><!-- duration: 4ms -->
        <step title="Acquired Deployment Lock" date="2025-06-22T02:04:09.540" /><!-- duration: 4ms -->
      </step><!-- duration: 273ms -->
    </step><!-- duration: 318ms -->
    <step title="Outgoing response" date="2025-06-22T02:04:09.728" type="response" statusCode="202" statusText="Accepted" /><!-- duration: 32ms -->
  </step><!-- duration: 669ms -->
