<step title="Incoming Request" date="2025-06-15T23:59:35.187" instance="594f48" url="/api/zipdeploy?isAsync=true" method="POST" type="request" pid="770,1,23" Accept="*/*" Host="ai-event-planner-saas-py.scm.azurewebsites.net" User-Agent="AZURECLI/2.72.0 (HOMEBREW)" Accept-Encoding="gzip, deflate" Authorization="Bas..." Cache-Control="no-cache" Content-Type="application/octet-stream" Cookie="ARRAffinity=594f482b2f7a503f66217ddc6c24db2d4a34c0acff09b6ba35b8fadec34a5697; ARRAffinitySameSite=594f482b2f7a503f66217ddc6c24db2d4a34c0acff09b6ba35b8fadec34a5697" Content-Length="1385512" x-ms-client-request-id="c221436c-4a44-11f0-b8c9-dca9047d6722" x-ms-artifact-checksum="64dda3ab85569dc491e6408f8c69f625280c355736726880c609ffb8896e8f2b" X-ARR-LOG-ID="c221436c-4a44-11f0-b8c9-dca9047d6722" CLIENT-IP="107.194.36.34:57584" X-SITE-DEPLOYMENT-ID="ai-event-planner-saas-py" WAS-DEFAULT-HOSTNAME="ai-event-planner-saas-py.scm.azurewebsites.net" X-Forwarded-Proto="https" X-AppService-Proto="https" X-Forwarded-TlsVersion="1.3" X-WAWS-Unencoded-URL="/api/zipdeploy?isAsync=true" X-Client-IP="107.194.36.34" X-Client-Port="57584" >
  <step title="ZipPushDeploy" date="2025-06-15T23:59:35.213" >
    <step title="ZipDeploy. Extract zip. Remote build." date="2025-06-15T23:59:35.231" /><!-- duration: 4ms -->
    <step title="Starting PushDeployAsync" date="2025-06-15T23:59:35.242" /><!-- duration: 4ms -->
    <step title="Writing artifact to /tmp/zipdeploy/39e5d0af-f563-4331-ba64-ab63a8e3e6ca.zip" date="2025-06-15T23:59:35.266" >
      <step title="Writing multipart request body to /tmp/zipdeploy/39e5d0af-f563-4331-ba64-ab63a8e3e6ca.zip" date="2025-06-15T23:59:35.273" /><!-- duration: 10ms -->
    </step><!-- duration: 492ms -->
    <step title="Start deployment in the background" date="2025-06-15T23:59:35.776" >
      <step title="Acquiring Deployment Lock" date="2025-06-15T23:59:35.805" /><!-- duration: 4ms -->
      <step title="Acquired Deployment Lock" date="2025-06-15T23:59:35.841" /><!-- duration: 4ms -->
    </step><!-- duration: 156ms -->
  </step><!-- duration: 728ms -->
  <step title="Outgoing response" date="2025-06-15T23:59:35.947" type="response" statusCode="202" statusText="Accepted" /><!-- duration: 4ms -->
</step><!-- duration: 767ms -->
