<step title="BackgroundTrace" date="2025-06-25T05:05:32.530" instance="594f48" url="/api/zipdeploy" method="POST" >
  <step title="Cleanup Xml Logs" date="2025-06-25T05:05:32.609" >
    <step title="Cleanup Infos" date="2025-06-25T05:05:32.751" totalFiles="346" totalCleanup="186" /><!-- duration: 79ms -->
  </step><!-- duration: 232ms -->
  <step title="Creating temporary deployment - FetchDeploymentManager" date="2025-06-25T05:05:33.413" /><!-- duration: 20ms -->
  <step title="Creating temporary deployment" date="2025-06-25T05:05:33.475" /><!-- duration: 259ms -->
  <step title="Performing fetch based deployment" date="2025-06-25T05:05:34.419" >
    <step title="Cleaning up temp folders from previous zip deployments and extracting pushed zip file /tmp/zipdeploy/0616fb3b-c30b-4197-aa36-dff38bafd4b4.zip (0.61 MB) to /tmp/zipdeploy/extracted" date="2025-06-25T05:05:36.167" >
      <step title="ChmodRecursive Process exited with total time taken in ms: 392" date="2025-06-25T05:05:37.897" /><!-- duration: 41ms -->
    </step><!-- duration: 1861ms -->
    <step title="Deployment timer started" date="2025-06-25T05:05:40.142" >
      <step title="DeploymentManager.Deploy(id:16a87224-9b45-4738-8b40-70c475f926ed)" date="2025-06-25T05:05:40.201" >
        <step title="Collecting changeset information" date="2025-06-25T05:05:40.361" /><!-- duration: 323ms -->
        <step title="Updating submodules" date="2025-06-25T05:05:40.755" /><!-- duration: 1555ms -->
        <step title="Determining deployment builder" date="2025-06-25T05:05:44.082" >
          <step title="Builder is OryxBuilder" date="2025-06-25T05:05:44.274" /><!-- duration: 39ms -->
        </step><!-- duration: 282ms -->
        <step title="PreDeployment: context.CleanOutputPath False" date="2025-06-25T05:05:44.787" >
          <step title="PreDeployment: context.OutputPath /home/site/wwwroot" date="2025-06-25T05:05:45.269" >
            <step title="Building" date="2025-06-25T05:05:45.379" >
              <step title="Executing external process" date="2025-06-25T05:05:46.767" type="process" path="bash" arguments="-c &quot;oryx build /tmp/zipdeploy/extracted -o /home/site/wwwroot --platform python --platform-version 3.11 -p virtualenv_name=antenv --log-file /tmp/build-debug.log  -i /tmp/8ddb3a5f09b3436 --compress-destination-dir | tee /tmp/oryx-build.log ; exit $PIPESTATUS &quot;" 