<step title="BackgroundTrace" date="2025-06-22T12:44:35.109" instance="594f48" url="/api/zipdeploy" method="POST" >
  <step title="Creating temporary deployment - FetchDeploymentManager" date="2025-06-22T12:44:35.206" /><!-- duration: 3ms -->
  <step title="Creating temporary deployment" date="2025-06-22T12:44:35.220" /><!-- duration: 98ms -->
  <step title="Performing fetch based deployment" date="2025-06-22T12:44:35.388" >
    <step title="Cleaning up temp folders from previous zip deployments and extracting pushed zip file /tmp/zipdeploy/ed37d63b-c61a-452f-a0ca-cd205c6d4c99.zip (0.00 MB) to /tmp/zipdeploy/extracted" date="2025-06-22T12:44:36.614" >
      <step title="ChmodRecursive Process exited with total time taken in ms: 142" date="2025-06-22T12:44:36.798" /><!-- duration: 17ms -->
    </step><!-- duration: 222ms -->
    <step title="Deployment timer started" date="2025-06-22T12:44:38.861" >
      <step title="DeploymentManager.Deploy(id:99066bf1-ba29-4901-8ac8-ac1950756eca)" date="2025-06-22T12:44:38.890" >
        <step title="Collecting changeset information" date="2025-06-22T12:44:38.994" /><!-- duration: 128ms -->
        <step title="Updating submodules" date="2025-06-22T12:44:39.133" /><!-- duration: 1202ms -->
        <step title="Determining deployment builder" date="2025-06-22T12:44:40.610" >
          <step title="Builder is OryxBuilder" date="2025-06-22T12:44:40.662" /><!-- duration: 8ms -->
        </step><!-- duration: 70ms -->
        <step title="PreDeployment: context.CleanOutputPath False" date="2025-06-22T12:44:40.763" >
          <step title="PreDeployment: context.OutputPath /home/site/wwwroot" date="2025-06-22T12:44:40.863" >
            <step title="Building" date="2025-06-22T12:44:41.077" >
              <step title="Executing external process" date="2025-06-22T12:44:41.505" type="process" path="bash" arguments="-c &quot;oryx build /tmp/zipdeploy/extracted -o /home/site/wwwroot --platform python --platform-version 3.11 -p virtualenv_name=antenv --log-file /tmp/build-debug.log  -i /tmp/8ddb18a8e464517 --compress-destination-dir | tee /tmp/oryx-build.log ; exit $PIPESTATUS &quot;" >
                <step title="Cpu: python3.11(924,11.640s)+python3.11(923,0.160s)+python3.11(920,0.140s)+build.sh(834,0.060s)+oryx(815,5.770s)+tee(816,0.000s)+bash(814,0.000s)=total(17.760s)" date="2025-06-22T12:46:12.108" /><!-- duration: 120ms -->
                <step title="bash: no io activity for 60s, prev-cpu=-1.000s, current-cpu=17.760s" date="2025-06-22T12:46:12.309" /><!-- duration: 12ms -->
