<step title="Incoming Request" date="2025-06-22T22:26:20.904" instance="594f48" url="/api/deployments/latest" method="GET" type="request" pid="772,1,21" Accept="*/*" Host="ai-event-planner-saas-py.scm.azurewebsites.net" User-Agent="AZURECLI/2.72.0 (HOMEBREW)" Accept-Encoding="gzip, deflate" Authorization="Bas..." x-ms-client-request-id="e3c7286a-4fb7-11f0-a5eb-dca9047d6722" X-ARR-LOG-ID="e3c7286a-4fb7-11f0-a5eb-dca9047d6722" CLIENT-IP="71.69.80.30:53891" X-SITE-DEPLOYMENT-ID="ai-event-planner-saas-py" WAS-DEFAULT-HOSTNAME="ai-event-planner-saas-py.scm.azurewebsites.net" X-Forwarded-Proto="https" X-AppService-Proto="https" X-Forwarded-TlsVersion="1.3" X-WAWS-Unencoded-URL="/api/deployments/latest" X-Client-IP="71.69.80.30" X-Client-Port="53891" >
  <step title="Cleanup Xml Logs" date="2025-06-22T22:26:20.915" >
    <step title="Cleanup Infos" date="2025-06-22T22:26:20.967" totalFiles="311" totalCleanup="151" /><!-- duration: 17ms -->
  </step><!-- duration: 79ms -->
  <step title="DeploymentService.GetResult" date="2025-06-22T22:26:21.017" >
    <step title="DeploymentService.GetLatestDeployment" date="2025-06-22T22:26:21.025" >
      <step title="DeploymentManager.GetResults" date="2025-06-22T22:26:21.044" /><!-- duration: 746ms -->
    </step><!-- duration: 770ms -->
  </step><!-- duration: 783ms -->
  <step title="Outgoing response" date="2025-06-22T22:26:21.804" type="response" statusCode="202" statusText="Accepted" /><!-- duration: 4ms -->
</step><!-- duration: 908ms -->
