<step title="BackgroundTrace" date="2025-06-26T22:18:37.831" instance="594f48" url="/api/zipdeploy" method="POST" >
  <step title="Creating temporary deployment - FetchDeploymentManager" date="2025-06-26T22:18:38.285" /><!-- duration: 29ms -->
  <step title="Creating temporary deployment" date="2025-06-26T22:18:38.343" /><!-- duration: 193ms -->
  <step title="Performing fetch based deployment" date="2025-06-26T22:18:38.919" >
    <step title="Cleaning up temp folders from previous zip deployments and extracting pushed zip file /tmp/zipdeploy/afb516a0-2eb2-41d6-99db-7855698257fb.zip (0.02 MB) to /tmp/zipdeploy/extracted" date="2025-06-26T22:18:40.497" >
      <step title="ChmodRecursive Process exited with total time taken in ms: 270" date="2025-06-26T22:18:40.969" /><!-- duration: 32ms -->
    </step><!-- duration: 556ms -->
    <step title="Deployment timer started" date="2025-06-26T22:18:43.203" >
      <step title="DeploymentManager.Deploy(id:8b38fe80-d339-45f7-be4e-cb4b1745895b)" date="2025-06-26T22:18:43.253" >
        <step title="Collecting changeset information" date="2025-06-26T22:18:43.376" /><!-- duration: 249ms -->
        <step title="Updating submodules" date="2025-06-26T22:18:43.666" /><!-- duration: 1588ms -->
        <step title="Determining deployment builder" date="2025-06-26T22:18:46.990" >
          <step title="Builder is OryxBuilder" date="2025-06-26T22:18:47.183" /><!-- duration: 48ms -->
        </step><!-- duration: 262ms -->
        <step title="PreDeployment: context.CleanOutputPath False" date="2025-06-26T22:18:47.363" >
          <step title="PreDeployment: context.OutputPath /home/site/wwwroot" date="2025-06-26T22:18:47.613" >
            <step title="Building" date="2025-06-26T22:18:47.936" >
              <step title="Executing external process" date="2025-06-26T22:18:48.805" type="process" path="bash" arguments="-c &quot;oryx build /tmp/zipdeploy/extracted -o /home/site/wwwroot --platform python --platform-version 3.11 -p virtualenv_name=antenv --log-file /tmp/build-debug.log  -i /tmp/8ddb4ff6bae7af1 --compress-destination-dir | tee /tmp/oryx-build.log ; exit $PIPESTATUS &quot;" 