<step title="Incoming Request" date="2025-06-22T22:20:39.037" instance="594f48" url="/api/deployments/latest" method="GET" type="request" pid="772,1,16" Accept="*/*" Host="ai-event-planner-saas-py.scm.azurewebsites.net" User-Agent="AZURECLI/2.72.0 (HOMEBREW)" Accept-Encoding="gzip, deflate" Authorization="Bas..." x-ms-client-request-id="fec96d5e-4fb6-11f0-9481-dca9047d6722" X-ARR-LOG-ID="fec96d5e-4fb6-11f0-9481-dca9047d6722" CLIENT-IP="71.69.80.30:53817" X-SITE-DEPLOYMENT-ID="ai-event-planner-saas-py" WAS-DEFAULT-HOSTNAME="ai-event-planner-saas-py.scm.azurewebsites.net" X-Forwarded-Proto="https" X-AppService-Proto="https" X-Forwarded-TlsVersion="1.3" X-WAWS-Unencoded-URL="/api/deployments/latest" X-Client-IP="71.69.80.30" X-Client-Port="53817" >
  <step title="Cleanup Xml Logs" date="2025-06-22T22:20:39.049" >
    <step title="Cleanup Infos" date="2025-06-22T22:20:39.148" totalFiles="296" totalCleanup="136" /><!-- duration: 20ms -->
  </step><!-- duration: 129ms -->
  <step title="DeploymentService.GetResult" date="2025-06-22T22:20:39.208" >
    <step title="DeploymentService.GetLatestDeployment" date="2025-06-22T22:20:39.220" >
      <step title="DeploymentManager.GetResults" date="2025-06-22T22:20:39.239" /><!-- duration: 1048ms -->
    </step><!-- duration: 1106ms -->
  </step><!-- duration: 1138ms -->
  <step title="Outgoing response" date="2025-06-22T22:20:40.385" type="response" statusCode="202" statusText="Accepted" /><!-- duration: 20ms -->
</step><!-- duration: 1390ms -->
