<step title="Incoming Request" date="2025-06-21T00:32:52.082" instance="594f48" url="/api/zipdeploy?isAsync=true" method="POST" type="request" pid="777,1,18" Accept="*/*" Host="ai-event-planner-saas-py.scm.azurewebsites.net" User-Agent="AZURECLI/2.72.0 (HOMEBREW)" Accept-Encoding="gzip, deflate" Authorization="Bas..." Cache-Control="no-cache" Content-Type="application/octet-stream" Cookie="ARRAffinity=594f482b2f7a503f66217ddc6c24db2d4a34c0acff09b6ba35b8fadec34a5697; ARRAffinitySameSite=594f482b2f7a503f66217ddc6c24db2d4a34c0acff09b6ba35b8fadec34a5697" Content-Length="1383269" x-ms-client-request-id="3e24c844-4e37-11f0-904a-dca9047d6722" x-ms-artifact-checksum="b7b4cdeedead92a56199875c3d873afa1039c8216aed54aa8a8fe4db23ebcdba" X-ARR-LOG-ID="3e24c844-4e37-11f0-904a-dca9047d6722" CLIENT-IP="107.194.36.34:64948" X-SITE-DEPLOYMENT-ID="ai-event-planner-saas-py" WAS-DEFAULT-HOSTNAME="ai-event-planner-saas-py.scm.azurewebsites.net" X-Forwarded-Proto="https" X-AppService-Proto="https" X-Forwarded-TlsVersion="1.3" X-WAWS-Unencoded-URL="/api/zipdeploy?isAsync=true" X-Client-IP="107.194.36.34" X-Client-Port="64948" >
  <step title="ZipPushDeploy" date="2025-06-21T00:32:52.222" >
    <step title="ZipDeploy. Extract zip. Remote build." date="2025-06-21T00:32:52.263" /><!-- duration: 17ms -->
    <step title="None repository commit" date="2025-06-21T00:32:52.303" >
      <step title="Commit id: b296a875-03b3-4ac9-bfb3-ab49bb987551" date="2025-06-21T00:32:52.322" Message="N/A" AuthorName="N/A" AuthorEmail="N/A" /><!-- duration: 21ms -->
    </step><!-- duration: 51ms -->
    <step title="Starting PushDeployAsync" date="2025-06-21T00:32:52.364" /><!-- duration: 22ms -->
    <step title="Writing artifact to /tmp/zipdeploy/4f974dc4-7506-4ed5-85c7-470b0ad50352.zip" date="2025-06-21T00:32:52.436" >
      <step title="Writing multipart request body to /tmp/zipdeploy/4f974dc4-7506-4ed5-85c7-470b0ad50352.zip" date="2025-06-21T00:32:52.441" /><!-- duration: 4ms -->
    </step><!-- duration: 513ms -->
    <step title="Start deployment in the background" date="2025-06-21T00:32:52.990" >
      <step title="Acquiring Deployment Lock" date="2025-06-21T00:32:53.041" /><!-- duration: 11ms -->
      <step title="Acquired Deployment Lock" date="2025-06-21T00:32:53.203" /><!-- duration: 13ms -->
    </step><!-- duration: 459ms -->
  </step><!-- duration: 1254ms -->
  <step title="Outgoing response" date="2025-06-21T00:32:53.488" type="response" statusCode="202" statusText="Accepted" /><!-- duration: 3ms -->
</step><!-- duration: 1413ms -->
