<step title="BackgroundTrace" date="2025-06-17T04:22:46.266" instance="594f48" url="/api/zipdeploy" method="POST" >
  <step title="Creating temporary deployment - FetchDeploymentManager" date="2025-06-17T04:22:46.328" /><!-- duration: 4ms -->
  <step title="Creating temporary deployment" date="2025-06-17T04:22:46.336" /><!-- duration: 76ms -->
  <step title="Performing fetch based deployment" date="2025-06-17T04:22:46.450" >
    <step title="Cleaning up temp folders from previous zip deployments and extracting pushed zip file /tmp/zipdeploy/c573abeb-c6d0-4e3b-9cdf-541a0079742a.zip (1.32 MB) to /tmp/zipdeploy/extracted" date="2025-06-17T04:22:47.701" >
      <step title="ChmodRecursive Process exited with total time taken in ms: 71" date="2025-06-17T04:22:48.046" /><!-- duration: 28ms -->
    </step><!-- duration: 377ms -->
    <step title="Deployment timer started" date="2025-06-17T04:22:50.106" >
      <step title="DeploymentManager.Deploy(id:9f8d55a3-ee3d-4a7d-93b1-a9b22fd9c96d)" date="2025-06-17T04:22:50.118" >
        <step title="Collecting changeset information" date="2025-06-17T04:22:50.163" /><!-- duration: 97ms -->
        <step title="Updating submodules" date="2025-06-17T04:22:50.268" /><!-- duration: 1121ms -->
        <step title="Determining deployment builder" date="2025-06-17T04:22:51.614" >
          <step title="Builder is OryxBuilder" date="2025-06-17T04:22:51.636" /><!-- duration: 4ms -->
        </step><!-- duration: 29ms -->
        <step title="PreDeployment: context.CleanOutputPath False" date="2025-06-17T04:22:51.701" >
          <step title="PreDeployment: context.OutputPath /home/site/wwwroot" date="2025-06-17T04:22:51.839" >
            <step title="Building" date="2025-06-17T04:22:52.040" >
              <step title="Executing external process" date="2025-06-17T04:22:52.419" type="process" path="bash" arguments="-c &quot;oryx build /tmp/zipdeploy/extracted -o /home/site/wwwroot --platform python --platform-version 3.11 -p virtualenv_name=antenv --log-file /tmp/build-debug.log  -i /tmp/8ddad569fd008e3 --compress-destination-dir | tee /tmp/oryx-build.log ; exit $PIPESTATUS &quot;" >
                <step title="Cpu: python(1681,45.620s)+ts(1682,0.120s)+build.sh(1680,0.000s)+build.sh(1678,0.000s)+build.sh(1595,0.040s)+oryx(1577,3.040s)+tee(1578,0.000s)+bash(1576,0.000s)=total(48.800s)" date="2025-06-17T04:24:14.265" /><!-- duration: 20ms -->
                <step title="bash: no io activity for 60s, prev-cpu=-1.000s, current-cpu=48.800s" date="2025-06-17T04:24:14.316" /><!-- duration: 12ms -->
                <step title="Cpu: python(1681,90.200s)+ts(1682,0.170s)+build.sh(1680,0.000s)+build.sh(1678,0.000s)+build.sh(1595,0.040s)+oryx(1577,3.280s)+tee(1578,0.000s)+bash(1576,0.000s)=total(93.690s)" date="2025-06-17T04:25:14.985" /><!-- duration: 29ms -->
                <step title="bash: no io activity for 121s, prev-cpu=48.800s, current-cpu=93.690s" date="2025-06-17T04:25:15.035" /><!-- duration: 21ms -->
                <step title="Cpu: gzip(1821,41.760s)+sh(1820,0.000s)+tar(1819,3.280s)+build.sh(1595,0.050s)+oryx(1577,4.420s)+tee(1578,0.010s)+bash(1576,0.000s)=total(49.510s)" date="2025-06-17T04:27:12.129" /><!-- duration: 18ms -->
                <step title="bash: no io activity for 61s, prev-cpu=-1.000s, current-cpu=49.510s" date="2025-06-17T04:27:12.188" /><!-- duration: 21ms -->
              </step><!-- duration: 262413ms -->
              <step title="Using PythonDeploymentLogParser" date="2025-06-17T04:27:15.659" /><!-- duration: 10ms -->
              <step title="Triggering recycle (preview mode disabled)." date="2025-06-17T04:27:17.827" /><!-- duration: 30ms -->
              <step title="Modified file to trigger a restart of the app container." date="2025-06-17T04:27:17.929" /><!-- duration: 19ms -->
              <step title="Skip function trigger and logicapp sync because function is not enabled." date="2025-06-17T04:27:17.968" /><!-- duration: 10ms -->
            </step><!-- duration: 267589ms -->
          </step><!-- duration: 267970ms -->
          <step title="Cleaning up temp files" date="2025-06-17T04:27:19.829" /><!-- duration: 8241ms -->
          <step title="Cleaning up temp files" date="2025-06-17T04:27:28.080" /><!-- duration: 515ms -->
          <step title="Reloading status file with latest updates" date="2025-06-17T04:27:28.641" >
            <step title="WebHooksManager.PublishEventAsync: PostDeployment" date="2025-06-17T04:27:28.649" /><!-- duration: 49ms -->
          </step><!-- duration: 68ms -->
          <step title="Cleaning up temporary deployment - fetch deployment was successful" date="2025-06-17T04:27:28.716" /><!-- duration: 4ms -->
        </step><!-- duration: 277099ms -->
      </step><!-- duration: 278703ms -->
