<step title="Incoming Request" date="2025-06-16T20:16:04.903" instance="594f48" url="/api/zipdeploy?isAsync=true" method="POST" type="request" pid="767,1,40" Accept="*/*" Host="ai-event-planner-saas-py.scm.azurewebsites.net" User-Agent="AZURECLI/2.72.0 (HOMEBREW)" Accept-Encoding="gzip, deflate" Authorization="Bas..." Cache-Control="no-cache" Content-Type="application/octet-stream" Cookie="ARRAffinity=594f482b2f7a503f66217ddc6c24db2d4a34c0acff09b6ba35b8fadec34a5697; ARRAffinitySameSite=594f482b2f7a503f66217ddc6c24db2d4a34c0acff09b6ba35b8fadec34a5697" Content-Length="1383986" x-ms-client-request-id="b2914118-4aee-11f0-89f4-dca9047d6722" x-ms-artifact-checksum="07ba241e983d80c48c22c321e436cfe409955deec4b56c3c56a04bcf9e1a6f52" X-ARR-LOG-ID="b2914118-4aee-11f0-89f4-dca9047d6722" CLIENT-IP="107.194.36.34:59080" X-SITE-DEPLOYMENT-ID="ai-event-planner-saas-py" WAS-DEFAULT-HOSTNAME="ai-event-planner-saas-py.scm.azurewebsites.net" X-Forwarded-Proto="https" X-AppService-Proto="https" X-Forwarded-TlsVersion="1.3" X-WAWS-Unencoded-URL="/api/zipdeploy?isAsync=true" X-Client-IP="107.194.36.34" X-Client-Port="59080" >
  <step title="ZipPushDeploy" date="2025-06-16T20:16:04.955" >
    <step title="ZipDeploy. Extract zip. Remote build." date="2025-06-16T20:16:05.005" /><!-- duration: 7ms -->
    <step title="Starting PushDeployAsync" date="2025-06-16T20:16:05.032" /><!-- duration: 4ms -->
    <step title="Writing artifact to /tmp/zipdeploy/a78791ac-f337-4669-9ecc-3eaa484c114b.zip" date="2025-06-16T20:16:05.095" >
      <step title="Writing multipart request body to /tmp/zipdeploy/a78791ac-f337-4669-9ecc-3eaa484c114b.zip" date="2025-06-16T20:16:05.101" /><!-- duration: 35ms -->
    </step><!-- duration: 224ms -->
    <step title="Removing previous build artifact&apos;s manifest file" date="2025-06-16T20:16:05.326" >
      <step title="Start deployment in the background" date="2025-06-16T20:16:05.348" >
        <step title="Acquiring Deployment Lock" date="2025-06-16T20:16:05.388" /><!-- duration: 5ms -->
        <step title="Acquired Deployment Lock" date="2025-06-16T20:16:05.508" /><!-- duration: 5ms -->
      </step><!-- duration: 263ms -->
    </step><!-- duration: 295ms -->
    <step title="Outgoing response" date="2025-06-16T20:16:05.628" type="response" statusCode="202" statusText="Accepted" /><!-- duration: 13ms -->
  </step><!-- duration: 691ms -->
