<step title="BackgroundTrace" date="2025-06-17T04:39:47.843" instance="594f48" url="/api/zipdeploy" method="POST" >
  <step title="Creating temporary deployment - FetchDeploymentManager" date="2025-06-17T04:39:47.903" /><!-- duration: 4ms -->
  <step title="Creating temporary deployment" date="2025-06-17T04:39:47.922" /><!-- duration: 195ms -->
  <step title="Performing fetch based deployment" date="2025-06-17T04:39:48.158" >
    <step title="Cleaning up temp folders from previous zip deployments and extracting pushed zip file /tmp/zipdeploy/5be7c1c7-0203-4eb7-9a1b-b3c5db0f3a03.zip (1.32 MB) to /tmp/zipdeploy/extracted" date="2025-06-17T04:39:49.317" >
      <step title="ChmodRecursive Process exited with total time taken in ms: 70" date="2025-06-17T04:39:49.672" /><!-- duration: 11ms -->
    </step><!-- duration: 370ms -->
    <step title="Deployment timer started" date="2025-06-17T04:39:51.713" >
      <step title="DeploymentManager.Deploy(id:b471473b-a8d8-4f73-aa59-fa154dfc08e8)" date="2025-06-17T04:39:51.736" >
        <step title="Collecting changeset information" date="2025-06-17T04:39:51.776" /><!-- duration: 117ms -->
        <step title="Updating submodules" date="2025-06-17T04:39:51.913" /><!-- duration: 1227ms -->
        <step title="Determining deployment builder" date="2025-06-17T04:39:53.429" >
          <step title="Builder is OryxBuilder" date="2025-06-17T04:39:53.459" /><!-- duration: 4ms -->
        </step><!-- duration: 38ms -->
        <step title="PreDeployment: context.CleanOutputPath False" date="2025-06-17T04:39:53.524" >
          <step title="PreDeployment: context.OutputPath /home/site/wwwroot" date="2025-06-17T04:39:53.628" >
            <step title="Building" date="2025-06-17T04:39:53.774" >
              <step title="Executing external process" date="2025-06-17T04:39:54.210" type="process" path="bash" arguments="-c &quot;oryx build /tmp/zipdeploy/extracted -o /home/site/wwwroot --platform python --platform-version 3.11 -p virtualenv_name=antenv --log-file /tmp/build-debug.log  -i /tmp/8ddad5900de8c59 --compress-destination-dir | tee /tmp/oryx-build.log ; exit $PIPESTATUS &quot;" >
                <step title="Cpu: python(2121,49.550s)+ts(2122,0.130s)+build.sh(2120,0.000s)+build.sh(2119,0.000s)+build.sh(2037,0.040s)+oryx(2016,3.100s)+tee(2017,0.000s)+bash(2015,0.000s)=total(52.810s)" date="2025-06-17T04:41:18.816" /><!-- duration: 138ms -->
                <step title="bash: no io activity for 60s, prev-cpu=-1.000s, current-cpu=52.810s" date="2025-06-17T04:41:19.037" /><!-- duration: 70ms -->
                <step title="Cpu: python(2121,89.140s)+ts(2122,0.150s)+build.sh(2120,0.000s)+build.sh(2119,0.000s)+build.sh(2037,0.040s)+oryx(2016,3.440s)+tee(2017,0.000s)+bash(2015,0.000s)=total(92.770s)" date="2025-06-17T04:42:19.803" /><!-- duration: 120ms -->
                <step title="bash: no io activity for 121s, prev-cpu=52.810s, current-cpu=92.770s" date="2025-06-17T04:42:20.353" /><!-- duration: 22ms -->
              </step><!-- duration: 268345ms -->
              <step title="Using PythonDeploymentLogParser" date="2025-06-17T04:44:23.006" /><!-- duration: 82ms -->
              <step title="Triggering recycle (preview mode disabled)." date="2025-06-17T04:44:24.247" /><!-- duration: 9ms -->
              <step title="Modified file to trigger a restart of the app container." date="2025-06-17T04:44:24.297" /><!-- duration: 4ms -->
              <step title="Skip function trigger and logicapp sync because function is not enabled." date="2025-06-17T04:44:24.308" /><!-- duration: 4ms -->
            </step><!-- duration: 271604ms -->
          </step><!-- duration: 271765ms -->
          <step title="Cleaning up temp files" date="2025-06-17T04:44:25.397" /><!-- duration: 3550ms -->
          <step title="Cleaning up temp files" date="2025-06-17T04:44:28.970" /><!-- duration: 518ms -->
          <step title="Reloading status file with latest updates" date="2025-06-17T04:44:29.530" >
            <step title="WebHooksManager.PublishEventAsync: PostDeployment" date="2025-06-17T04:44:29.541" /><!-- duration: 70ms -->
          </step><!-- duration: 86ms -->
          <step title="Cleaning up temporary deployment - fetch deployment was successful" date="2025-06-17T04:44:29.624" /><!-- duration: 4ms -->
        </step><!-- duration: 276178ms -->
      </step><!-- duration: 277990ms -->
