<step title="Incoming Request" date="2025-06-26T21:47:55.382" instance="594f48" url="/api/deployments/latest" method="GET" type="request" pid="776,1,10" Accept="*/*" Host="ai-event-planner-saas-py.scm.azurewebsites.net" User-Agent="AZURECLI/2.72.0 (HOMEBREW)" Accept-Encoding="gzip, deflate" Authorization="Bas..." x-ms-client-request-id="e3029a3c-52d6-11f0-bf71-dca9047d6722" X-ARR-LOG-ID="e3029a3c-52d6-11f0-bf71-dca9047d6722" CLIENT-IP="173.214.130.139:61789" X-SITE-DEPLOYMENT-ID="ai-event-planner-saas-py" WAS-DEFAULT-HOSTNAME="ai-event-planner-saas-py.scm.azurewebsites.net" X-Forwarded-Proto="https" X-AppService-Proto="https" X-Forwarded-TlsVersion="1.3" X-WAWS-Unencoded-URL="/api/deployments/latest" X-Client-IP="173.214.130.139" X-Client-Port="61789" >
  <step title="Cleanup Xml Logs" date="2025-06-26T21:47:55.452" >
    <step title="Cleanup Infos" date="2025-06-26T21:47:55.683" totalFiles="364" totalCleanup="204" /><!-- duration: 311ms -->
  </step><!-- duration: 603ms -->
  <step title="DeploymentService.GetResult" date="2025-06-26T21:47:57.603" >
    <step title="DeploymentService.GetLatestDeployment" date="2025-06-26T21:47:57.724" >
      <step title="DeploymentManager.GetResults" date="2025-06-26T21:47:57.845" /><!-- duration: 7905ms -->
    </step><!-- duration: 8155ms -->
  </step><!-- duration: 8336ms -->
  <step title="Outgoing response" date="2025-06-26T21:48:07.518" type="response" statusCode="202" statusText="Accepted" /><!-- duration: 51ms -->
</step><!-- duration: 12225ms -->
