<step title="Incoming Request" date="2025-06-17T05:05:27.806" instance="594f48" url="/api/zipdeploy?isAsync=true" method="POST" type="request" pid="769,1,18" Accept="*/*" Host="ai-event-planner-saas-py.scm.azurewebsites.net" User-Agent="AZURECLI/2.72.0 (HOMEBREW)" Accept-Encoding="gzip, deflate" Authorization="Bas..." Cache-Control="no-cache" Content-Type="application/octet-stream" Cookie="ARRAffinity=594f482b2f7a503f66217ddc6c24db2d4a34c0acff09b6ba35b8fadec34a5697; ARRAffinitySameSite=594f482b2f7a503f66217ddc6c24db2d4a34c0acff09b6ba35b8fadec34a5697" Content-Length="1384522" x-ms-client-request-id="a95e8b10-4b38-11f0-8c98-dca9047d6722" x-ms-artifact-checksum="8d6a06f7374f1b164663aad86de2f7ac9211cb2f0a86167927f78bda6bd9ff15" X-ARR-LOG-ID="a95e8b10-4b38-11f0-8c98-dca9047d6722" CLIENT-IP="107.194.36.34:60492" X-SITE-DEPLOYMENT-ID="ai-event-planner-saas-py" WAS-DEFAULT-HOSTNAME="ai-event-planner-saas-py.scm.azurewebsites.net" X-Forwarded-Proto="https" X-AppService-Proto="https" X-Forwarded-TlsVersion="1.3" X-WAWS-Unencoded-URL="/api/zipdeploy?isAsync=true" X-Client-IP="107.194.36.34" X-Client-Port="60492" >
  <step title="ZipPushDeploy" date="2025-06-17T05:05:27.887" >
    <step title="ZipDeploy. Extract zip." date="2025-06-17T05:05:27.903" /><!-- duration: 4ms -->
    <step title="None repository commit" date="2025-06-17T05:05:27.915" >
      <step title="Commit id: 18c154ed-8199-40cb-9c1f-9f8275d4c4f9" date="2025-06-17T05:05:27.919" Message="N/A" AuthorName="N/A" AuthorEmail="N/A" /><!-- duration: 5ms -->
    </step><!-- duration: 13ms -->
    <step title="Starting PushDeployAsync" date="2025-06-17T05:05:27.937" /><!-- duration: 10ms -->
    <step title="Writing artifact to /tmp/zipdeploy/f18da05c-ac8e-49f5-bd88-e024a4115836.zip" date="2025-06-17T05:05:27.988" >
      <step title="Writing multipart request body to /tmp/zipdeploy/f18da05c-ac8e-49f5-bd88-e024a4115836.zip" date="2025-06-17T05:05:28.006" /><!-- duration: 12ms -->
    </step><!-- duration: 220ms -->
    <step title="Start deployment in the background" date="2025-06-17T05:05:28.227" >
      <step title="Acquiring Deployment Lock" date="2025-06-17T05:05:28.258" /><!-- duration: 4ms -->
      <step title="Acquired Deployment Lock" date="2025-06-17T05:05:28.325" /><!-- duration: 4ms -->
    </step><!-- duration: 261ms -->
  </step><!-- duration: 609ms -->
  <step title="Outgoing response" date="2025-06-17T05:05:28.506" type="response" statusCode="202" statusText="Accepted" /><!-- duration: 9ms -->
</step><!-- duration: 714ms -->
