<step title="Incoming Request" date="2025-06-24T12:55:20.360" instance="594f48" url="/api/zipdeploy?isAsync=true" method="POST" type="request" pid="776,1,19" Accept="*/*" Host="ai-event-planner-saas-py.scm.azurewebsites.net" User-Agent="AZURECLI/2.72.0 (HOMEBREW)" Accept-Encoding="gzip, deflate" Authorization="Bas..." Cache-Control="no-cache" Content-Type="application/octet-stream" Cookie="ARRAffinity=594f482b2f7a503f66217ddc6c24db2d4a34c0acff09b6ba35b8fadec34a5697; ARRAffinitySameSite=594f482b2f7a503f66217ddc6c24db2d4a34c0acff09b6ba35b8fadec34a5697" Content-Length="639555" x-ms-client-request-id="754654d0-50fa-11f0-8e65-dca9047d6722" x-ms-artifact-checksum="8d0940be42895d1c4db6a4dc153a8b28f0cc711b8bd1c600e3ad2f4e8ff15030" X-ARR-LOG-ID="754654d0-50fa-11f0-8e65-dca9047d6722" CLIENT-IP="107.194.36.34:58376" X-SITE-DEPLOYMENT-ID="ai-event-planner-saas-py" WAS-DEFAULT-HOSTNAME="ai-event-planner-saas-py.scm.azurewebsites.net" X-Forwarded-Proto="https" X-AppService-Proto="https" X-Forwarded-TlsVersion="1.3" X-WAWS-Unencoded-URL="/api/zipdeploy?isAsync=true" X-Client-IP="107.194.36.34" X-Client-Port="58376" >
  <step title="ZipPushDeploy" date="2025-06-24T12:55:20.704" >
    <step title="ZipDeploy. Extract zip. Remote build." date="2025-06-24T12:55:20.771" /><!-- duration: 3ms -->
    <step title="None repository commit" date="2025-06-24T12:55:20.787" >
      <step title="Commit id: 7fda1c8b-3f11-4455-a487-174343f5f1f3" date="2025-06-24T12:55:20.790" Message="N/A" AuthorName="N/A" AuthorEmail="N/A" /><!-- duration: 5ms -->
    </step><!-- duration: 13ms -->
    <step title="Starting PushDeployAsync" date="2025-06-24T12:55:20.806" /><!-- duration: 9ms -->
    <step title="Writing artifact to /tmp/zipdeploy/279acae1-68e2-41ea-a741-db3fa5144094.zip" date="2025-06-24T12:55:20.871" >
      <step title="Writing multipart request body to /tmp/zipdeploy/279acae1-68e2-41ea-a741-db3fa5144094.zip" date="2025-06-24T12:55:20.876" /><!-- duration: 11ms -->
    </step><!-- duration: 134ms -->
    <step title="Start deployment in the background" date="2025-06-24T12:55:21.017" >
      <step title="Acquiring Deployment Lock" date="2025-06-24T12:55:21.049" /><!-- duration: 8ms -->
      <step title="Acquired Deployment Lock" date="2025-06-24T12:55:21.145" /><!-- duration: 4ms -->
    </step><!-- duration: 225ms -->
  </step><!-- duration: 576ms -->
  <step title="Outgoing response" date="2025-06-24T12:55:21.292" type="response" statusCode="202" statusText="Accepted" /><!-- duration: 4ms -->
</step><!-- duration: 940ms -->
