<step title="BackgroundTrace" date="2025-06-16T20:16:05.354" instance="594f48" url="/api/zipdeploy" method="POST" >
  <step title="Creating temporary deployment - FetchDeploymentManager" date="2025-06-16T20:16:05.516" /><!-- duration: 5ms -->
  <step title="Creating temporary deployment" date="2025-06-16T20:16:05.534" /><!-- duration: 72ms -->
  <step title="Performing fetch based deployment" date="2025-06-16T20:16:05.673" >
    <step title="Cleaning up temp folders from previous zip deployments and extracting pushed zip file /tmp/zipdeploy/a78791ac-f337-4669-9ecc-3eaa484c114b.zip (1.32 MB) to /tmp/zipdeploy/extracted" date="2025-06-16T20:16:06.880" >
      <step title="ChmodRecursive Process exited with total time taken in ms: 308" date="2025-06-16T20:16:07.768" /><!-- duration: 11ms -->
    </step><!-- duration: 919ms -->
    <step title="Deployment timer started" date="2025-06-16T20:16:09.834" >
      <step title="DeploymentManager.Deploy(id:fc220e13-88a5-4c6b-88d4-094f460fdf54)" date="2025-06-16T20:16:09.850" >
        <step title="Collecting changeset information" date="2025-06-16T20:16:09.892" /><!-- duration: 129ms -->
        <step title="Updating submodules" date="2025-06-16T20:16:10.030" /><!-- duration: 1170ms -->
        <step title="Determining deployment builder" date="2025-06-16T20:16:11.474" >
          <step title="Builder is OryxBuilder" date="2025-06-16T20:16:11.517" /><!-- duration: 6ms -->
        </step><!-- duration: 85ms -->
        <step title="PreDeployment: context.CleanOutputPath False" date="2025-06-16T20:16:11.890" >
          <step title="PreDeployment: context.OutputPath /home/site/wwwroot" date="2025-06-16T20:16:12.101" >
            <step title="Building" date="2025-06-16T20:16:12.301" >
              <step title="Executing external process" date="2025-06-16T20:16:12.667" type="process" path="bash" arguments="-c &quot;oryx build /tmp/zipdeploy/extracted -o /home/site/wwwroot --platform python --platform-version 3.11 -p virtualenv_name=antenv --log-file /tmp/build-debug.log  -i /tmp/8ddad12a33600c3 --compress-destination-dir | tee /tmp/oryx-build.log ; exit $PIPESTATUS &quot;" >
                <step title="Cpu: python(15316,37.980s)+ts(15317,0.090s)+build.sh(15315,0.000s)+build.sh(15314,0.000s)+build.sh(15231,0.050s)+oryx(15214,3.150s)+tee(15215,0.000s)+bash(15213,0.000s)=total(41.250s)" date="2025-06-16T20:17:34.601" /><!-- duration: 39ms -->
                <step title="bash: no io activity for 61s, prev-cpu=-1.000s, current-cpu=41.250s" date="2025-06-16T20:17:34.670" /><!-- duration: 30ms -->
                <step title="Cpu: python(15316,83.730s)+ts(15317,0.170s)+build.sh(15315,0.000s)+build.sh(15314,0.000s)+build.sh(15231,0.060s)+oryx(15214,3.460s)+tee(15215,0.000s)+bash(15213,0.000s)=total(87.420s)" date="2025-06-16T20:18:35.311" /><!-- duration: 28ms -->
                <step title="bash: no io activity for 122s, prev-cpu=41.250s, current-cpu=87.420s" date="2025-06-16T20:18:35.371" /><!-- duration: 38ms -->
              </step><!-- duration: 263595ms -->
              <step title="Using PythonDeploymentLogParser" date="2025-06-16T20:20:36.723" /><!-- duration: 4ms -->
              <step title="Triggering recycle (preview mode disabled)." date="2025-06-16T20:20:38.103" /><!-- duration: 9ms -->
              <step title="Modified file to trigger a restart of the app container." date="2025-06-16T20:20:38.149" /><!-- duration: 4ms -->
              <step title="Skip function trigger and logicapp sync because function is not enabled." date="2025-06-16T20:20:38.165" /><!-- duration: 9ms -->
            </step><!-- duration: 266685ms -->
          </step><!-- duration: 266900ms -->
          <step title="Cleaning up temp files" date="2025-06-16T20:20:39.005" /><!-- duration: 3725ms -->
          <step title="Cleaning up temp files" date="2025-06-16T20:20:42.740" /><!-- duration: 512ms -->
          <step title="Reloading status file with latest updates" date="2025-06-16T20:20:43.284" >
            <step title="WebHooksManager.PublishEventAsync: PostDeployment" date="2025-06-16T20:20:43.297" /><!-- duration: 83ms -->
          </step><!-- duration: 100ms -->
          <step title="Cleaning up temporary deployment - fetch deployment was successful" date="2025-06-16T20:20:43.393" /><!-- duration: 4ms -->
        </step><!-- duration: 271571ms -->
      </step><!-- duration: 273636ms -->
