<step title="Incoming Request" date="2025-06-26T21:47:44.328" instance="594f48" url="/api/zipdeploy?isAsync=true" method="POST" type="request" pid="776,1,16" Accept="*/*" Host="ai-event-planner-saas-py.scm.azurewebsites.net" User-Agent="AZURECLI/2.72.0 (HOMEBREW)" Accept-Encoding="gzip, deflate" Authorization="Bas..." Cache-Control="no-cache" Content-Type="application/octet-stream" Content-Length="644129" x-ms-client-request-id="e3029a3c-52d6-11f0-bf71-dca9047d6722" x-ms-artifact-checksum="fd24fbd973cb93e65a898f4b90a93c9fd31fa0c427b4b5b4bc4dc6ae695c8149" X-ARR-LOG-ID="e3029a3c-52d6-11f0-bf71-dca9047d6722" CLIENT-IP="173.214.130.139:61777" X-SITE-DEPLOYMENT-ID="ai-event-planner-saas-py" WAS-DEFAULT-HOSTNAME="ai-event-planner-saas-py.scm.azurewebsites.net" X-Forwarded-Proto="https" X-AppService-Proto="https" X-Forwarded-TlsVersion="1.3" X-WAWS-Unencoded-URL="/api/zipdeploy?isAsync=true" X-Client-IP="173.214.130.139" X-Client-Port="61777" >
  <step title="ZipPushDeploy" date="2025-06-26T21:47:46.711" >
    <step title="ZipDeploy. Extract zip. Remote build." date="2025-06-26T21:47:46.921" /><!-- duration: 50ms -->
    <step title="None repository commit" date="2025-06-26T21:47:47.022" >
      <step title="Commit id: b7968425-2fb7-4168-a643-a0f4b066f5eb" date="2025-06-26T21:47:47.082" Message="N/A" AuthorName="N/A" AuthorEmail="N/A" /><!-- duration: 70ms -->
    </step><!-- duration: 142ms -->
    <step title="Starting PushDeployAsync" date="2025-06-26T21:47:47.175" /><!-- duration: 70ms -->
    <step title="Writing artifact to /tmp/zipdeploy/25db6802-e40e-4c02-8fdf-a0d467f7f089.zip" date="2025-06-26T21:47:47.454" >
      <step title="Writing multipart request body to /tmp/zipdeploy/25db6802-e40e-4c02-8fdf-a0d467f7f089.zip" date="2025-06-26T21:47:47.506" /><!-- duration: 80ms -->
    </step><!-- duration: 436ms -->
    <step title="Start deployment in the background" date="2025-06-26T21:47:48.098" >
      <step title="Acquiring Deployment Lock" date="2025-06-26T21:47:48.612" /><!-- duration: 132ms -->
      <step title="Acquired Deployment Lock" date="2025-06-26T21:47:49.074" /><!-- duration: 61ms -->
    </step><!-- duration: 1381ms -->
  </step><!-- duration: 3058ms -->
  <step title="Outgoing response" date="2025-06-26T21:47:50.222" type="response" statusCode="202" statusText="Accepted" /><!-- duration: 19ms -->
</step><!-- duration: 5924ms -->
