<step title="BackgroundTrace" date="2025-06-24T12:55:21.027" instance="594f48" url="/api/zipdeploy" method="POST" >
  <step title="Creating temporary deployment - FetchDeploymentManager" date="2025-06-24T12:55:21.153" /><!-- duration: 4ms -->
  <step title="Creating temporary deployment" date="2025-06-24T12:55:21.169" /><!-- duration: 63ms -->
  <step title="Performing fetch based deployment" date="2025-06-24T12:55:21.359" >
    <step title="Cleaning up temp folders from previous zip deployments and extracting pushed zip file /tmp/zipdeploy/279acae1-68e2-41ea-a741-db3fa5144094.zip (0.61 MB) to /tmp/zipdeploy/extracted" date="2025-06-24T12:55:22.573" >
      <step title="ChmodRecursive Process exited with total time taken in ms: 101" date="2025-06-24T12:55:22.879" /><!-- duration: 11ms -->
    </step><!-- duration: 323ms -->
    <step title="Deployment timer started" date="2025-06-24T12:55:24.934" >
      <step title="DeploymentManager.Deploy(id:7fda1c8b-3f11-4455-a487-174343f5f1f3)" date="2025-06-24T12:55:24.963" >
        <step title="Collecting changeset information" date="2025-06-24T12:55:25.002" /><!-- duration: 140ms -->
        <step title="Updating submodules" date="2025-06-24T12:55:25.154" /><!-- duration: 1227ms -->
        <step title="Determining deployment builder" date="2025-06-24T12:55:26.615" >
          <step title="Builder is OryxBuilder" date="2025-06-24T12:55:26.647" /><!-- duration: 4ms -->
        </step><!-- duration: 52ms -->
        <step title="PreDeployment: context.CleanOutputPath False" date="2025-06-24T12:55:26.713" >
          <step title="PreDeployment: context.OutputPath /home/site/wwwroot" date="2025-06-24T12:55:26.841" >
            <step title="Building" date="2025-06-24T12:55:26.966" >
              <step title="Executing external process" date="2025-06-24T12:55:27.544" type="process" path="bash" arguments="-c &quot;oryx build /tmp/zipdeploy/extracted -o /home/site/wwwroot --platform python --platform-version 3.11 -p virtualenv_name=antenv --log-file /tmp/build-debug.log  -i /tmp/8ddb31e6421655c --compress-destination-dir | tee /tmp/oryx-build.log ; exit $PIPESTATUS &quot;" /><!-- duration: 50510ms -->
              <step title="Using PythonDeploymentLogParser" date="2025-06-24T12:56:18.536" /><!-- duration: 10ms -->
              <step title="Triggering recycle (preview mode disabled)." date="2025-06-24T12:56:20.007" /><!-- duration: 14ms -->
              <step title="Modified file to trigger a restart of the app container." date="2025-06-24T12:56:20.065" /><!-- duration: 13ms -->
              <step title="Skip function trigger and logicapp sync because function is not enabled." date="2025-06-24T12:56:20.107" /><!-- duration: 6ms -->
              <step title="Purge deployment items" date="2025-06-24T12:56:21.305" >
                <step title="Remove 3d975ceb-, Failed, received at 06/24/2025 12:12:20" date="2025-06-24T12:56:21.370" /><!-- duration: 5ms -->
                <step title="Remove temp-d777, Failed, received at 06/24/2025 12:12:12" date="2025-06-24T12:56:21.435" /><!-- duration: 6ms -->
                <step title="Remove a20c94a5-, Failed, received at 06/24/2025 11:49:27" date="2025-06-24T12:56:21.503" /><!-- duration: 6ms -->
                <step title="Remove temp-8c69, Failed, received at 06/24/2025 11:49:11" date="2025-06-24T12:56:21.558" /><!-- duration: 13ms -->
                <step title="Remove b471473b-, Success, received at 06/17/2025 04:39:51" date="2025-06-24T12:56:21.637" /><!-- duration: 7ms -->
              </step><!-- duration: 348ms -->
            </step><!-- duration: 54749ms -->
          </step><!-- duration: 54878ms -->
          <step title="Cleaning up temp files" date="2025-06-24T12:56:21.724" /><!-- duration: 1706ms -->
          <step title="Cleaning up temp files" date="2025-06-24T12:56:23.451" /><!-- duration: 529ms -->
          <step title="Reloading status file with latest updates" date="2025-06-24T12:56:24.017" >
            <step title="WebHooksManager.PublishEventAsync: PostDeployment" date="2025-06-24T12:56:24.029" /><!-- duration: 97ms -->
          </step><!-- duration: 119ms -->
          <step title="Cleaning up temporary deployment - fetch deployment was successful" date="2025-06-24T12:56:24.145" /><!-- duration: 3ms -->
        </step><!-- duration: 57503ms -->
      </step><!-- duration: 59280ms -->
