<step title="BackgroundTrace" date="2025-06-21T01:15:36.797" instance="594f48" url="/api/zipdeploy" method="POST" >
  <step title="Creating temporary deployment - FetchDeploymentManager" date="2025-06-21T01:15:36.880" /><!-- duration: 4ms -->
  <step title="Creating temporary deployment" date="2025-06-21T01:15:36.896" /><!-- duration: 74ms -->
  <step title="Performing fetch based deployment" date="2025-06-21T01:15:37.087" >
    <step title="Cleaning up temp folders from previous zip deployments and extracting pushed zip file /tmp/zipdeploy/0ed20ba0-988c-4773-8fdd-db432a3ccc35.zip (0.61 MB) to /tmp/zipdeploy/extracted" date="2025-06-21T01:15:38.313" >
      <step title="ChmodRecursive Process exited with total time taken in ms: 119" date="2025-06-21T01:15:38.634" /><!-- duration: 11ms -->
    </step><!-- duration: 342ms -->
    <step title="Deployment timer started" date="2025-06-21T01:15:40.676" >
      <step title="DeploymentManager.Deploy(id:cdf9d270-e735-4dc3-9118-4ebdee1c54f3)" date="2025-06-21T01:15:40.694" >
        <step title="Collecting changeset information" date="2025-06-21T01:15:40.727" /><!-- duration: 152ms -->
        <step title="Updating submodules" date="2025-06-21T01:15:40.895" /><!-- duration: 1136ms -->
        <step title="Determining deployment builder" date="2025-06-21T01:15:42.239" >
          <step title="Builder is OryxBuilder" date="2025-06-21T01:15:42.269" /><!-- duration: 7ms -->
        </step><!-- duration: 51ms -->
        <step title="PreDeployment: context.CleanOutputPath False" date="2025-06-21T01:15:42.343" >
          <step title="PreDeployment: context.OutputPath /home/site/wwwroot" date="2025-06-21T01:15:42.455" >
            <step title="Building" date="2025-06-21T01:15:42.613" >
              <step title="Executing external process" date="2025-06-21T01:15:43.209" type="process" path="bash" arguments="-c &quot;oryx build /tmp/zipdeploy/extracted -o /home/site/wwwroot --platform python --platform-version 3.11 -p virtualenv_name=antenv --log-file /tmp/build-debug.log  -i /tmp/8ddb0612440a77c --compress-destination-dir | tee /tmp/oryx-build.log ; exit $PIPESTATUS &quot;" /><!-- duration: 53984ms -->
              <step title="Using PythonDeploymentLogParser" date="2025-06-21T01:16:37.557" /><!-- duration: 18ms -->
              <step title="Triggering recycle (preview mode disabled)." date="2025-06-21T01:16:38.589" /><!-- duration: 9ms -->
              <step title="Modified file to trigger a restart of the app container." date="2025-06-21T01:16:38.638" /><!-- duration: 4ms -->
              <step title="Skip function trigger and logicapp sync because function is not enabled." date="2025-06-21T01:16:38.665" /><!-- duration: 4ms -->
              <step title="Purge deployment items" date="2025-06-21T01:16:39.692" >
                <step title="Remove 5df7f130-, Success, received at 06/16/2025 00:07:23" date="2025-06-21T01:16:39.755" /><!-- duration: 4ms -->
              </step><!-- duration: 71ms -->
            </step><!-- duration: 57224ms -->
          </step><!-- duration: 57389ms -->
          <step title="Cleaning up temp files" date="2025-06-21T01:16:39.854" /><!-- duration: 1704ms -->
          <step title="Cleaning up temp files" date="2025-06-21T01:16:41.570" /><!-- duration: 514ms -->
          <step title="Reloading status file with latest updates" date="2025-06-21T01:16:42.119" >
            <step title="WebHooksManager.PublishEventAsync: PostDeployment" date="2025-06-21T01:16:42.125" /><!-- duration: 134ms -->
          </step><!-- duration: 143ms -->
          <step title="Cleaning up temporary deployment - fetch deployment was successful" date="2025-06-21T01:16:42.269" /><!-- duration: 4ms -->
        </step><!-- duration: 59984ms -->
      </step><!-- duration: 61651ms -->
