<step title="Incoming Request" date="2025-06-24T11:49:34.554" instance="594f48" url="/api/deployments/latest" method="GET" type="request" pid="768,1,41" Accept="*/*" Host="ai-event-planner-saas-py.scm.azurewebsites.net" User-Agent="AZURECLI/2.72.0 (HOMEBREW)" Accept-Encoding="gzip, deflate" Authorization="Bas..." x-ms-client-request-id="3202714e-50f1-11f0-a5c8-dca9047d6722" X-ARR-LOG-ID="3202714e-50f1-11f0-a5c8-dca9047d6722" CLIENT-IP="107.194.36.34:57876" X-SITE-DEPLOYMENT-ID="ai-event-planner-saas-py" WAS-DEFAULT-HOSTNAME="ai-event-planner-saas-py.scm.azurewebsites.net" X-Forwarded-Proto="https" X-AppService-Proto="https" X-Forwarded-TlsVersion="1.3" X-WAWS-Unencoded-URL="/api/deployments/latest" X-Client-IP="107.194.36.34" X-Client-Port="57876" >
  <step title="Cleanup Xml Logs" date="2025-06-24T11:49:34.595" >
    <step title="Cleanup Infos" date="2025-06-24T11:49:34.806" totalFiles="322" totalCleanup="162" /><!-- duration: 32ms -->
  </step><!-- duration: 270ms -->
  <step title="DeploymentService.GetResult" date="2025-06-24T11:49:34.997" >
    <step title="DeploymentService.GetLatestDeployment" date="2025-06-24T11:49:35.089" >
      <step title="DeploymentManager.GetResults" date="2025-06-24T11:49:35.419" /><!-- duration: 3009ms -->
    </step><!-- duration: 3428ms -->
  </step><!-- duration: 3559ms -->
  <step title="Outgoing response" date="2025-06-24T11:49:38.579" type="response" statusCode="202" statusText="Accepted" /><!-- duration: 10ms -->
</step><!-- duration: 4092ms -->
