<step title="Incoming Request" date="2025-06-24T11:49:05.327" instance="594f48" url="/api/zipdeploy?isAsync=true" method="POST" type="request" pid="768,1,40" Accept="*/*" Host="ai-event-planner-saas-py.scm.azurewebsites.net" User-Agent="AZURECLI/2.72.0 (HOMEBREW)" Accept-Encoding="gzip, deflate" Authorization="Bas..." Cache-Control="no-cache" Content-Type="application/octet-stream" Cookie="ARRAffinity=594f482b2f7a503f66217ddc6c24db2d4a34c0acff09b6ba35b8fadec34a5697; ARRAffinitySameSite=594f482b2f7a503f66217ddc6c24db2d4a34c0acff09b6ba35b8fadec34a5697" Content-Length="638599" x-ms-client-request-id="3202714e-50f1-11f0-a5c8-dca9047d6722" x-ms-artifact-checksum="3f6fdb5fae07186c03849cd052f695ef079f67612bba05ee3b20e29b888fa747" X-ARR-LOG-ID="3202714e-50f1-11f0-a5c8-dca9047d6722" CLIENT-IP="107.194.36.34:57868" X-SITE-DEPLOYMENT-ID="ai-event-planner-saas-py" WAS-DEFAULT-HOSTNAME="ai-event-planner-saas-py.scm.azurewebsites.net" X-Forwarded-Proto="https" X-AppService-Proto="https" X-Forwarded-TlsVersion="1.3" X-WAWS-Unencoded-URL="/api/zipdeploy?isAsync=true" X-Client-IP="107.194.36.34" X-Client-Port="57868" >
  <step title="Cleanup Xml Logs" date="2025-06-24T11:49:05.349" >
    <step title="Cleanup Infos" date="2025-06-24T11:49:05.468" totalFiles="319" totalCleanup="159" /><!-- duration: 20ms -->
  </step><!-- duration: 151ms -->
  <step title="ZipPushDeploy" date="2025-06-24T11:49:06.916" >
    <step title="ZipDeploy. Extract zip. Remote build." date="2025-06-24T11:49:07.438" /><!-- duration: 42ms -->
    <step title="None repository commit" date="2025-06-24T11:49:07.661" >
      <step title="Commit id: a20c94a5-e9d6-4447-8b89-34b22697a178" date="2025-06-24T11:49:07.699" Message="N/A" AuthorName="N/A" AuthorEmail="N/A" /><!-- duration: 21ms -->
    </step><!-- duration: 121ms -->
    <step title="Starting PushDeployAsync" date="2025-06-24T11:49:07.850" /><!-- duration: 41ms -->
    <step title="Writing artifact to /tmp/zipdeploy/eb621ecd-0a54-44a5-bbe2-69215932a49e.zip" date="2025-06-24T11:49:08.215" >
      <step title="Writing multipart request body to /tmp/zipdeploy/eb621ecd-0a54-44a5-bbe2-69215932a49e.zip" date="2025-06-24T11:49:08.266" /><!-- duration: 70ms -->
    </step><!-- duration: 1960ms -->
    <step title="Removing previous build artifact&apos;s manifest file" date="2025-06-24T11:49:10.315" >
      <step title="Start deployment in the background" date="2025-06-24T11:49:10.448" >
        <step title="Acquiring Deployment Lock" date="2025-06-24T11:49:10.879" /><!-- duration: 99ms -->
        <step title="Acquired Deployment Lock" date="2025-06-24T11:49:11.442" /><!-- duration: 121ms -->
      </step><!-- duration: 1888ms -->
    </step><!-- duration: 2120ms -->
    <step title="Outgoing response" date="2025-06-24T11:49:12.578" type="response" statusCode="202" statusText="Accepted" /><!-- duration: 129ms -->
  </step><!-- duration: 5841ms -->
