<step title="Incoming Request" date="2025-06-22T02:20:56.159" instance="594f48" url="/api/zipdeploy?isAsync=true" method="POST" type="request" pid="768,1,7" Accept="*/*" Host="ai-event-planner-saas-py.scm.azurewebsites.net" User-Agent="AZURECLI/2.72.0 (HOMEBREW)" Accept-Encoding="gzip, deflate" Authorization="Bas..." Cache-Control="no-cache" Content-Type="application/octet-stream" Cookie="ARRAffinity=594f482b2f7a503f66217ddc6c24db2d4a34c0acff09b6ba35b8fadec34a5697; ARRAffinitySameSite=594f482b2f7a503f66217ddc6c24db2d4a34c0acff09b6ba35b8fadec34a5697" Content-Length="638326" x-ms-client-request-id="78099214-4f0f-11f0-91a5-dca9047d6722" x-ms-artifact-checksum="5d0e086103be8e21e494cb1f682187069fb2d7f20d365b4ac4d7e32fb9874f7d" X-ARR-LOG-ID="78099214-4f0f-11f0-91a5-dca9047d6722" CLIENT-IP="107.194.36.34:51973" X-SITE-DEPLOYMENT-ID="ai-event-planner-saas-py" WAS-DEFAULT-HOSTNAME="ai-event-planner-saas-py.scm.azurewebsites.net" X-Forwarded-Proto="https" X-AppService-Proto="https" X-Forwarded-TlsVersion="1.3" X-WAWS-Unencoded-URL="/api/zipdeploy?isAsync=true" X-Client-IP="107.194.36.34" X-Client-Port="51973" >
  <step title="ZipPushDeploy" date="2025-06-22T02:20:56.286" >
    <step title="ZipDeploy. Extract zip. Remote build." date="2025-06-22T02:20:56.336" /><!-- duration: 25ms -->
    <step title="None repository commit" date="2025-06-22T02:20:56.381" >
      <step title="Commit id: 1fbd385d-7f11-4c9b-98eb-252688b0428c" date="2025-06-22T02:20:56.384" Message="N/A" AuthorName="N/A" AuthorEmail="N/A" /><!-- duration: 4ms -->
    </step><!-- duration: 20ms -->
    <step title="Starting PushDeployAsync" date="2025-06-22T02:20:56.405" /><!-- duration: 13ms -->
    <step title="Writing artifact to /tmp/zipdeploy/52456e8b-9183-4cb3-91dd-3181a59a32e5.zip" date="2025-06-22T02:20:56.454" >
      <step title="Writing multipart request body to /tmp/zipdeploy/52456e8b-9183-4cb3-91dd-3181a59a32e5.zip" date="2025-06-22T02:20:56.458" /><!-- duration: 11ms -->
    </step><!-- duration: 158ms -->
    <step title="Removing previous build artifact&apos;s manifest file" date="2025-06-22T02:20:56.631" >
      <step title="Start deployment in the background" date="2025-06-22T02:20:56.670" >
        <step title="Acquiring Deployment Lock" date="2025-06-22T02:20:56.711" /><!-- duration: 8ms -->
        <step title="Acquired Deployment Lock" date="2025-06-22T02:20:56.766" /><!-- duration: 4ms -->
      </step><!-- duration: 218ms -->
    </step><!-- duration: 264ms -->
    <step title="Outgoing response" date="2025-06-22T02:20:56.934" type="response" statusCode="202" statusText="Accepted" /><!-- duration: 3ms -->
  </step><!-- duration: 655ms -->
