<step title="Incoming Request" date="2025-06-21T00:20:48.934" instance="594f48" url="/api/zipdeploy?isAsync=true" method="POST" type="request" pid="769,1,7" Accept="*/*" Host="ai-event-planner-saas-py.scm.azurewebsites.net" User-Agent="AZURECLI/2.72.0 (HOMEBREW)" Accept-Encoding="gzip, deflate" Authorization="Bas..." Cache-Control="no-cache" Content-Type="application/octet-stream" Cookie="ARRAffinity=594f482b2f7a503f66217ddc6c24db2d4a34c0acff09b6ba35b8fadec34a5697; ARRAffinitySameSite=594f482b2f7a503f66217ddc6c24db2d4a34c0acff09b6ba35b8fadec34a5697" Content-Length="627004" x-ms-client-request-id="8d6cfe28-4e35-11f0-a920-dca9047d6722" x-ms-artifact-checksum="9c1662a245022a1477a4f160f52f27b2eddcc64a09692242bb99e3e3cccfe63b" X-ARR-LOG-ID="8d6cfe28-4e35-11f0-a920-dca9047d6722" CLIENT-IP="107.194.36.34:64802" X-SITE-DEPLOYMENT-ID="ai-event-planner-saas-py" WAS-DEFAULT-HOSTNAME="ai-event-planner-saas-py.scm.azurewebsites.net" X-Forwarded-Proto="https" X-AppService-Proto="https" X-Forwarded-TlsVersion="1.3" X-WAWS-Unencoded-URL="/api/zipdeploy?isAsync=true" X-Client-IP="107.194.36.34" X-Client-Port="64802" >
  <step title="ZipPushDeploy" date="2025-06-21T00:20:49.046" >
    <step title="ZipDeploy. Extract zip." date="2025-06-21T00:20:49.136" /><!-- duration: 52ms -->
    <step title="Starting PushDeployAsync" date="2025-06-21T00:20:49.290" /><!-- duration: 30ms -->
    <step title="Writing artifact to /tmp/zipdeploy/0bfa4b02-3c7a-4ae8-a799-f1ee8f02aea6.zip" date="2025-06-21T00:20:49.371" >
      <step title="Writing multipart request body to /tmp/zipdeploy/0bfa4b02-3c7a-4ae8-a799-f1ee8f02aea6.zip" date="2025-06-21T00:20:49.410" /><!-- duration: 31ms -->
    </step><!-- duration: 219ms -->
    <step title="Start deployment in the background" date="2025-06-21T00:20:49.643" >
      <step title="Acquiring Deployment Lock" date="2025-06-21T00:20:49.810" /><!-- duration: 10ms -->
      <step title="Acquired Deployment Lock" date="2025-06-21T00:20:49.933" /><!-- duration: 29ms -->
    </step><!-- duration: 632ms -->
  </step><!-- duration: 1299ms -->
  <step title="Outgoing response" date="2025-06-21T00:20:50.374" type="response" statusCode="202" statusText="Accepted" /><!-- duration: 11ms -->
</step><!-- duration: 1462ms -->
