<step title="Incoming Request" date="2025-06-17T04:39:52.648" instance="594f48" url="/api/deployments/latest" method="GET" type="request" pid="770,1,20" Accept="*/*" Host="ai-event-planner-saas-py.scm.azurewebsites.net" User-Agent="AZURECLI/2.72.0 (HOMEBREW)" Accept-Encoding="gzip, deflate" Authorization="Bas..." x-ms-client-request-id="1334abc2-4b35-11f0-b5cb-dca9047d6722" X-ARR-LOG-ID="1334abc2-4b35-11f0-b5cb-dca9047d6722" CLIENT-IP="107.194.36.34:60203" X-SITE-DEPLOYMENT-ID="ai-event-planner-saas-py" WAS-DEFAULT-HOSTNAME="ai-event-planner-saas-py.scm.azurewebsites.net" X-Forwarded-Proto="https" X-AppService-Proto="https" X-Forwarded-TlsVersion="1.3" X-WAWS-Unencoded-URL="/api/deployments/latest" X-Client-IP="107.194.36.34" X-Client-Port="60203" >
  <step title="Cleanup Xml Logs" date="2025-06-17T04:39:52.652" /><!-- duration: 17ms -->
  <step title="DeploymentService.GetResult" date="2025-06-17T04:39:52.680" >
    <step title="DeploymentService.GetLatestDeployment" date="2025-06-17T04:39:52.684" >
      <step title="DeploymentManager.GetResults" date="2025-06-17T04:39:52.688" /><!-- duration: 461ms -->
      <step title="Deployment b471473b-a8d8-4f73-aa59-fa154dfc08e8 is Pending" date="2025-06-17T04:39:53.182" /><!-- duration: 12ms -->
    </step><!-- duration: 532ms -->
  </step><!-- duration: 545ms -->
  <step title="Outgoing response" date="2025-06-17T04:39:53.232" type="response" statusCode="202" statusText="Accepted" /><!-- duration: 7ms -->
</step><!-- duration: 597ms -->
