<step title="Incoming Request" date="2025-06-16T20:16:10.436" instance="594f48" url="/api/deployments/latest" method="GET" type="request" pid="767,1,37" Accept="*/*" Host="ai-event-planner-saas-py.scm.azurewebsites.net" User-Agent="AZURECLI/2.72.0 (HOMEBREW)" Accept-Encoding="gzip, deflate" Authorization="Bas..." x-ms-client-request-id="b2914118-4aee-11f0-89f4-dca9047d6722" X-ARR-LOG-ID="b2914118-4aee-11f0-89f4-dca9047d6722" CLIENT-IP="107.194.36.34:59085" X-SITE-DEPLOYMENT-ID="ai-event-planner-saas-py" WAS-DEFAULT-HOSTNAME="ai-event-planner-saas-py.scm.azurewebsites.net" X-Forwarded-Proto="https" X-AppService-Proto="https" X-Forwarded-TlsVersion="1.3" X-WAWS-Unencoded-URL="/api/deployments/latest" X-Client-IP="107.194.36.34" X-Client-Port="59085" >
  <step title="Cleanup Xml Logs" date="2025-06-16T20:16:10.450" /><!-- duration: 13ms -->
  <step title="DeploymentService.GetResult" date="2025-06-16T20:16:10.480" >
    <step title="DeploymentService.GetLatestDeployment" date="2025-06-16T20:16:10.494" >
      <step title="DeploymentManager.GetResults" date="2025-06-16T20:16:10.506" /><!-- duration: 327ms -->
      <step title="Deployment fc220e13-88a5-4c6b-88d4-094f460fdf54 is Pending" date="2025-06-16T20:16:10.839" /><!-- duration: 9ms -->
    </step><!-- duration: 359ms -->
  </step><!-- duration: 379ms -->
  <step title="Outgoing response" date="2025-06-16T20:16:10.872" type="response" statusCode="202" statusText="Accepted" /><!-- duration: 5ms -->
</step><!-- duration: 446ms -->
