<step title="Incoming Request" date="2025-06-17T04:09:27.577" instance="594f48" url="/api/zipdeploy?isAsync=true" method="POST" type="request" pid="770,1,5" Accept="*/*" Host="ai-event-planner-saas-py.scm.azurewebsites.net" User-Agent="AZURECLI/2.72.0 (HOMEBREW)" Accept-Encoding="gzip, deflate" Authorization="Bas..." Cache-Control="no-cache" Content-Type="application/octet-stream" Cookie="ARRAffinity=594f482b2f7a503f66217ddc6c24db2d4a34c0acff09b6ba35b8fadec34a5697; ARRAffinitySameSite=594f482b2f7a503f66217ddc6c24db2d4a34c0acff09b6ba35b8fadec34a5697" Content-Length="159725" x-ms-client-request-id="d6c4a09c-4b30-11f0-a9db-dca9047d6722" x-ms-artifact-checksum="ae31a8fbd70b45daec549c361111f313f248211b2e878c9c8a9934345b5b4f70" X-ARR-LOG-ID="d6c4a09c-4b30-11f0-a9db-dca9047d6722" CLIENT-IP="107.194.36.34:59977" X-SITE-DEPLOYMENT-ID="ai-event-planner-saas-py" WAS-DEFAULT-HOSTNAME="ai-event-planner-saas-py.scm.azurewebsites.net" X-Forwarded-Proto="https" X-AppService-Proto="https" X-Forwarded-TlsVersion="1.3" X-WAWS-Unencoded-URL="/api/zipdeploy?isAsync=true" X-Client-IP="107.194.36.34" X-Client-Port="59977" >
  <step title="ZipPushDeploy" date="2025-06-17T04:09:27.588" >
    <step title="ZipDeploy. Extract zip. Remote build." date="2025-06-17T04:09:27.599" /><!-- duration: 4ms -->
    <step title="Starting PushDeployAsync" date="2025-06-17T04:09:27.610" /><!-- duration: 4ms -->
    <step title="Writing artifact to /tmp/zipdeploy/e27a8d76-152f-4064-896d-164c86f459d0.zip" date="2025-06-17T04:09:27.653" >
      <step title="Writing multipart request body to /tmp/zipdeploy/e27a8d76-152f-4064-896d-164c86f459d0.zip" date="2025-06-17T04:09:27.660" /><!-- duration: 9ms -->
    </step><!-- duration: 136ms -->
    <step title="Removing previous build artifact&apos;s manifest file" date="2025-06-17T04:09:27.803" >
      <step title="Start deployment in the background" date="2025-06-17T04:09:27.829" >
        <step title="Acquiring Deployment Lock" date="2025-06-17T04:09:27.867" /><!-- duration: 4ms -->
        <step title="Acquired Deployment Lock" date="2025-06-17T04:09:27.906" /><!-- duration: 6ms -->
      </step><!-- duration: 189ms -->
    </step><!-- duration: 223ms -->
    <step title="Outgoing response" date="2025-06-17T04:09:28.030" type="response" statusCode="202" statusText="Accepted" /><!-- duration: 4ms -->
  </step><!-- duration: 450ms -->
