<step title="Incoming Request" date="2025-06-22T02:21:02.024" instance="594f48" url="/api/deployments/latest" method="GET" type="request" pid="768,1,5" Accept="*/*" Host="ai-event-planner-saas-py.scm.azurewebsites.net" User-Agent="AZURECLI/2.72.0 (HOMEBREW)" Accept-Encoding="gzip, deflate" Authorization="Bas..." x-ms-client-request-id="78099214-4f0f-11f0-91a5-dca9047d6722" X-ARR-LOG-ID="78099214-4f0f-11f0-91a5-dca9047d6722" CLIENT-IP="107.194.36.34:51978" X-SITE-DEPLOYMENT-ID="ai-event-planner-saas-py" WAS-DEFAULT-HOSTNAME="ai-event-planner-saas-py.scm.azurewebsites.net" X-Forwarded-Proto="https" X-AppService-Proto="https" X-Forwarded-TlsVersion="1.3" X-WAWS-Unencoded-URL="/api/deployments/latest" X-Client-IP="107.194.36.34" X-Client-Port="51978" >
  <step title="Cleanup Xml Logs" date="2025-06-22T02:21:02.044" >
    <step title="Cleanup Infos" date="2025-06-22T02:21:02.135" totalFiles="258" totalCleanup="98" /><!-- duration: 12ms -->
  </step><!-- duration: 113ms -->
  <step title="DeploymentService.GetResult" date="2025-06-22T02:21:02.257" >
    <step title="DeploymentService.GetLatestDeployment" date="2025-06-22T02:21:02.273" >
      <step title="DeploymentManager.GetResults" date="2025-06-22T02:21:02.278" /><!-- duration: 918ms -->
    </step><!-- duration: 935ms -->
  </step><!-- duration: 956ms -->
  <step title="Outgoing response" date="2025-06-22T02:21:03.230" type="response" statusCode="202" statusText="Accepted" /><!-- duration: 3ms -->
</step><!-- duration: 1216ms -->
