<step title="Incoming Request" date="2025-06-16T00:07:12.362" instance="594f48" url="/api/zipdeploy?isAsync=true" method="POST" type="request" pid="770,1,18" Accept="*/*" Host="ai-event-planner-saas-py.scm.azurewebsites.net" User-Agent="AZURECLI/2.72.0 (HOMEBREW)" Accept-Encoding="gzip, deflate" Authorization="Bas..." Cache-Control="no-cache" Content-Type="application/octet-stream" Cookie="ARRAffinity=594f482b2f7a503f66217ddc6c24db2d4a34c0acff09b6ba35b8fadec34a5697; ARRAffinitySameSite=594f482b2f7a503f66217ddc6c24db2d4a34c0acff09b6ba35b8fadec34a5697" Content-Length="1385511" x-ms-client-request-id="d1ffd950-4a45-11f0-a156-dca9047d6722" x-ms-artifact-checksum="d05408c5a9cf077af43b844cdc9535e8e010b5ac47f3a4f3d3ae162ff330f773" X-ARR-LOG-ID="d1ffd950-4a45-11f0-a156-dca9047d6722" CLIENT-IP="107.194.36.34:57698" X-SITE-DEPLOYMENT-ID="ai-event-planner-saas-py" WAS-DEFAULT-HOSTNAME="ai-event-planner-saas-py.scm.azurewebsites.net" X-Forwarded-Proto="https" X-AppService-Proto="https" X-Forwarded-TlsVersion="1.3" X-WAWS-Unencoded-URL="/api/zipdeploy?isAsync=true" X-Client-IP="107.194.36.34" X-Client-Port="57698" >
  <step title="ZipPushDeploy" date="2025-06-16T00:07:12.439" >
    <step title="ZipDeploy. Extract zip. Remote build." date="2025-06-16T00:07:12.470" /><!-- duration: 12ms -->
    <step title="Starting PushDeployAsync" date="2025-06-16T00:07:12.502" /><!-- duration: 11ms -->
    <step title="Writing artifact to /tmp/zipdeploy/93b13de0-b171-4cd6-8ba8-a557e36e59cd.zip" date="2025-06-16T00:07:12.560" >
      <step title="Writing multipart request body to /tmp/zipdeploy/93b13de0-b171-4cd6-8ba8-a557e36e59cd.zip" date="2025-06-16T00:07:12.580" /><!-- duration: 12ms -->
    </step><!-- duration: 6334ms -->
    <step title="Start deployment in the background" date="2025-06-16T00:07:18.967" >
      <step title="Acquiring Deployment Lock" date="2025-06-16T00:07:19.148" /><!-- duration: 11ms -->
      <step title="Acquired Deployment Lock" date="2025-06-16T00:07:19.204" /><!-- duration: 4ms -->
    </step><!-- duration: 324ms -->
  </step><!-- duration: 6858ms -->
  <step title="Outgoing response" date="2025-06-16T00:07:19.303" type="response" statusCode="202" statusText="Accepted" /><!-- duration: 4ms -->
</step><!-- duration: 6954ms -->
