<step title="Incoming Request" date="2025-06-15T23:52:53.966" instance="594f48" url="/api/zipdeploy?isAsync=true" method="POST" type="request" pid="770,1,21" Accept="*/*" Host="ai-event-planner-saas-py.scm.azurewebsites.net" User-Agent="AZURECLI/2.72.0 (HOMEBREW)" Accept-Encoding="gzip, deflate" Authorization="Bas..." Cache-Control="no-cache" Content-Type="application/octet-stream" Cookie="ARRAffinity=594f482b2f7a503f66217ddc6c24db2d4a34c0acff09b6ba35b8fadec34a5697; ARRAffinitySameSite=594f482b2f7a503f66217ddc6c24db2d4a34c0acff09b6ba35b8fadec34a5697" Content-Length="1385461" x-ms-client-request-id="d22a939a-4a43-11f0-80b2-dca9047d6722" x-ms-artifact-checksum="1774273f50225cb13057d782322bac26193b64672dc97dcd56bb66655cbdf03b" X-ARR-LOG-ID="d22a939a-4a43-11f0-80b2-dca9047d6722" CLIENT-IP="107.194.36.34:57508" X-SITE-DEPLOYMENT-ID="ai-event-planner-saas-py" WAS-DEFAULT-HOSTNAME="ai-event-planner-saas-py.scm.azurewebsites.net" X-Forwarded-Proto="https" X-AppService-Proto="https" X-Forwarded-TlsVersion="1.3" X-WAWS-Unencoded-URL="/api/zipdeploy?isAsync=true" X-Client-IP="107.194.36.34" X-Client-Port="57508" >
  <step title="ZipPushDeploy" date="2025-06-15T23:52:54.110" >
    <step title="ZipDeploy. Extract zip. Remote build." date="2025-06-15T23:52:54.137" /><!-- duration: 6ms -->
    <step title="None repository commit" date="2025-06-15T23:52:54.160" >
      <step title="Commit id: 725d65f0-30a6-4877-bd74-f45acc4a8c41" date="2025-06-15T23:52:54.165" Message="N/A" AuthorName="N/A" AuthorEmail="N/A" /><!-- duration: 5ms -->
    </step><!-- duration: 14ms -->
    <step title="Starting PushDeployAsync" date="2025-06-15T23:52:54.179" /><!-- duration: 5ms -->
    <step title="Writing artifact to /tmp/zipdeploy/527a6cec-430d-477e-a372-1af89762804f.zip" date="2025-06-15T23:52:54.227" >
      <step title="Writing multipart request body to /tmp/zipdeploy/527a6cec-430d-477e-a372-1af89762804f.zip" date="2025-06-15T23:52:54.240" /><!-- duration: 11ms -->
    </step><!-- duration: 175ms -->
    <step title="Start deployment in the background" date="2025-06-15T23:52:54.417" >
      <step title="Acquiring Deployment Lock" date="2025-06-15T23:52:54.451" /><!-- duration: 4ms -->
      <step title="Acquired Deployment Lock" date="2025-06-15T23:52:54.505" /><!-- duration: 6ms -->
    </step><!-- duration: 183ms -->
  </step><!-- duration: 499ms -->
  <step title="Outgoing response" date="2025-06-15T23:52:54.620" type="response" statusCode="202" statusText="Accepted" /><!-- duration: 4ms -->
</step><!-- duration: 674ms -->
