<step title="Incoming Request" date="2025-06-22T15:46:55.321" instance="594f48" url="/api/zipdeploy?isAsync=true" method="POST" type="request" pid="767,1,27" Accept="*/*" Host="ai-event-planner-saas-py.scm.azurewebsites.net" User-Agent="AZURECLI/2.72.0 (HOMEBREW)" Accept-Encoding="gzip, deflate" Authorization="Bas..." Cache-Control="no-cache" Content-Type="application/octet-stream" Cookie="ARRAffinity=594f482b2f7a503f66217ddc6c24db2d4a34c0acff09b6ba35b8fadec34a5697; ARRAffinitySameSite=594f482b2f7a503f66217ddc6c24db2d4a34c0acff09b6ba35b8fadec34a5697" Content-Length="638432" x-ms-client-request-id="1792f9fe-4f80-11f0-a0d7-dca9047d6722" x-ms-artifact-checksum="3eb706039355508f44763d391f6d5e2c183211d9b926f39e3c04d6a15be46c7e" X-ARR-LOG-ID="1792f9fe-4f80-11f0-a0d7-dca9047d6722" CLIENT-IP="107.194.36.34:53317" X-SITE-DEPLOYMENT-ID="ai-event-planner-saas-py" WAS-DEFAULT-HOSTNAME="ai-event-planner-saas-py.scm.azurewebsites.net" X-Forwarded-Proto="https" X-AppService-Proto="https" X-Forwarded-TlsVersion="1.3" X-WAWS-Unencoded-URL="/api/zipdeploy?isAsync=true" X-Client-IP="107.194.36.34" X-Client-Port="53317" >
  <step title="ZipPushDeploy" date="2025-06-22T15:46:55.430" >
    <step title="ZipDeploy. Extract zip. Remote build." date="2025-06-22T15:46:55.443" /><!-- duration: 3ms -->
    <step title="None repository commit" date="2025-06-22T15:46:55.455" >
      <step title="Commit id: c605ca92-e2ec-4144-811b-14432d91b310" date="2025-06-22T15:46:55.489" Message="N/A" AuthorName="N/A" AuthorEmail="N/A" /><!-- duration: 3ms -->
    </step><!-- duration: 42ms -->
    <step title="Starting PushDeployAsync" date="2025-06-22T15:46:55.500" /><!-- duration: 3ms -->
    <step title="Writing artifact to /tmp/zipdeploy/a44b368a-4263-4147-814e-4ec4560a76c5.zip" date="2025-06-22T15:46:55.543" >
      <step title="Writing multipart request body to /tmp/zipdeploy/a44b368a-4263-4147-814e-4ec4560a76c5.zip" date="2025-06-22T15:46:55.553" /><!-- duration: 12ms -->
    </step><!-- duration: 142ms -->
    <step title="Start deployment in the background" date="2025-06-22T15:46:55.717" >
      <step title="Acquiring Deployment Lock" date="2025-06-22T15:46:55.735" /><!-- duration: 9ms -->
      <step title="Acquired Deployment Lock" date="2025-06-22T15:46:55.793" /><!-- duration: 3ms -->
    </step><!-- duration: 167ms -->
  </step><!-- duration: 459ms -->
  <step title="Outgoing response" date="2025-06-22T15:46:55.901" type="response" statusCode="202" statusText="Accepted" /><!-- duration: 3ms -->
</step><!-- duration: 587ms -->
