<step title="Incoming Request" date="2025-06-17T03:46:21.365" instance="594f48" url="/api/zipdeploy?isAsync=true" method="POST" type="request" pid="767,1,58" Accept="*/*" Host="ai-event-planner-saas-py.scm.azurewebsites.net" User-Agent="AZURECLI/2.72.0 (HOMEBREW)" Accept-Encoding="gzip, deflate" Authorization="Bas..." Cache-Control="no-cache" Content-Type="application/octet-stream" Cookie="ARRAffinity=594f482b2f7a503f66217ddc6c24db2d4a34c0acff09b6ba35b8fadec34a5697; ARRAffinitySameSite=594f482b2f7a503f66217ddc6c24db2d4a34c0acff09b6ba35b8fadec34a5697" Content-Length="159738" x-ms-client-request-id="9a1e407e-4b2d-11f0-bf18-dca9047d6722" x-ms-artifact-checksum="69dbb908d3984bdc4d73dfbfbddd584ff4bf4111114f4adde86eb2f789f14099" X-ARR-LOG-ID="9a1e407e-4b2d-11f0-bf18-dca9047d6722" CLIENT-IP="107.194.36.34:59800" X-SITE-DEPLOYMENT-ID="ai-event-planner-saas-py" WAS-DEFAULT-HOSTNAME="ai-event-planner-saas-py.scm.azurewebsites.net" X-Forwarded-Proto="https" X-AppService-Proto="https" X-Forwarded-TlsVersion="1.3" X-WAWS-Unencoded-URL="/api/zipdeploy?isAsync=true" X-Client-IP="107.194.36.34" X-Client-Port="59800" >
  <step title="ZipPushDeploy" date="2025-06-17T03:46:21.889" >
    <step title="ZipDeploy. Extract zip. Remote build." date="2025-06-17T03:46:21.921" /><!-- duration: 7ms -->
    <step title="Starting PushDeployAsync" date="2025-06-17T03:46:21.951" /><!-- duration: 39ms -->
    <step title="Writing artifact to /tmp/zipdeploy/496649b5-b44e-4ca8-9a1d-e28b98bd2f77.zip" date="2025-06-17T03:46:22.061" >
      <step title="Writing multipart request body to /tmp/zipdeploy/496649b5-b44e-4ca8-9a1d-e28b98bd2f77.zip" date="2025-06-17T03:46:22.110" /><!-- duration: 30ms -->
    </step><!-- duration: 393ms -->
    <step title="Removing previous build artifact&apos;s manifest file" date="2025-06-17T03:46:22.492" >
      <step title="Start deployment in the background" date="2025-06-17T03:46:22.554" >
        <step title="Acquiring Deployment Lock" date="2025-06-17T03:46:22.716" /><!-- duration: 19ms -->
        <step title="Acquired Deployment Lock" date="2025-06-17T03:46:22.815" /><!-- duration: 11ms -->
      </step><!-- duration: 592ms -->
    </step><!-- duration: 686ms -->
    <step title="Outgoing response" date="2025-06-17T03:46:23.206" type="response" statusCode="202" statusText="Accepted" /><!-- duration: 11ms -->
  </step><!-- duration: 1347ms -->
