<step title="BackgroundTrace" date="2025-06-26T21:47:48.139" instance="594f48" url="/api/zipdeploy" method="POST" >
  <step title="Cleanup Xml Logs" date="2025-06-26T21:47:48.179" >
    <step title="Cleanup Infos" date="2025-06-26T21:47:48.381" totalFiles="363" totalCleanup="203" /><!-- duration: 20ms -->
  </step><!-- duration: 281ms -->
  <step title="Creating temporary deployment - FetchDeploymentManager" date="2025-06-26T21:47:49.166" /><!-- duration: 10ms -->
  <step title="Creating temporary deployment" date="2025-06-26T21:47:49.194" /><!-- duration: 241ms -->
  <step title="Performing fetch based deployment" date="2025-06-26T21:47:50.572" >
    <step title="Cleaning up temp folders from previous zip deployments and extracting pushed zip file /tmp/zipdeploy/25db6802-e40e-4c02-8fdf-a0d467f7f089.zip (0.61 MB) to /tmp/zipdeploy/extracted" date="2025-06-26T21:47:52.585" >
      <step title="ChmodRecursive Process exited with total time taken in ms: 288" date="2025-06-26T21:47:55.996" /><!-- duration: 71ms -->
    </step><!-- duration: 3771ms -->
    <step title="Deployment timer started" date="2025-06-26T21:47:58.690" >
      <step title="DeploymentManager.Deploy(id:b7968425-2fb7-4168-a643-a0f4b066f5eb)" date="2025-06-26T21:47:58.900" >
        <step title="Collecting changeset information" date="2025-06-26T21:47:59.212" /><!-- duration: 835ms -->
        <step title="Updating submodules" date="2025-06-26T21:48:00.328" /><!-- duration: 2796ms -->
        <step title="Determining deployment builder" date="2025-06-26T21:48:05.184" >
          <step title="Builder is OryxBuilder" date="2025-06-26T21:48:05.576" /><!-- duration: 131ms -->
        </step><!-- duration: 654ms -->
        <step title="PreDeployment: context.CleanOutputPath False" date="2025-06-26T21:48:06.402" >
          <step title="PreDeployment: context.OutputPath /home/site/wwwroot" date="2025-06-26T21:48:07.688" >
            <step title="Building" date="2025-06-26T21:48:08.091" >
              <step title="Executing external process" date="2025-06-26T21:48:09.448" type="process" path="bash" arguments="-c &quot;oryx build /tmp/zipdeploy/extracted -o /home/site/wwwroot --platform python --platform-version 3.11 -p virtualenv_name=antenv --log-file /tmp/build-debug.log  -i /tmp/8ddb4fb2222dda5 --compress-destination-dir | tee /tmp/oryx-build.log ; exit $PIPESTATUS &quot;" /><!-- duration: 133303ms -->
              <step title="Using PythonDeploymentLogParser" date="2025-06-26T21:50:23.295" /><!-- duration: 19ms -->
              <step title="Triggering recycle (preview mode disabled)." date="2025-06-26T21:50:24.221" /><!-- duration: 28ms -->
              <step title="Modified file to trigger a restart of the app container." date="2025-06-26T21:50:24.311" /><!-- duration: 19ms -->
              <step title="Skip function trigger and logicapp sync because function is not enabled." date="2025-06-26T21:50:24.401" /><!-- duration: 29ms -->
              <step title="Purge deployment items" date="2025-06-26T21:50:25.750" >
                <step title="Remove temp-432b, Failed, received at 06/26/2025 21:47:49" date="2025-06-26T21:50:25.802" /><!-- duration: 4ms -->
                <step title="Remove 16a87224-, Failed, received at 06/25/2025 05:05:40" date="2025-06-26T21:50:25.865" /><!-- duration: 4ms -->
                <step title="Remove temp-bf3a, Failed, received at 06/25/2025 05:05:33" date="2025-06-26T21:50:25.923" /><!-- duration: 5ms -->
                <step title="Remove 18c154ed-, Success, received at 06/17/2025 05:05:32" date="2025-06-26T21:50:26.034" /><!-- duration: 5ms -->
              </step><!-- duration: 299ms -->
            </step><!-- duration: 138064ms -->
          </step><!-- duration: 138473ms -->
          <step title="Cleaning up temp files" date="2025-06-26T21:50:26.166" /><!-- duration: 1847ms -->
          <step title="Cleaning up temp files" date="2025-06-26T21:50:28.052" /><!-- duration: 544ms -->
          <step title="Reloading status file with latest updates" date="2025-06-26T21:50:28.629" >
            <step title="WebHooksManager.PublishEventAsync: PostDeployment" date="2025-06-26T21:50:28.646" /><!-- duration: 142ms -->
          </step><!-- duration: 171ms -->
          <step title="Cleaning up temporary deployment - fetch deployment was successful" date="2025-06-26T21:50:28.829" /><!-- duration: 3ms -->
        </step><!-- duration: 142471ms -->
      </step><!-- duration: 150012ms -->
