<step title="Incoming Request" date="2025-06-15T23:53:00.986" instance="594f48" url="/api/deployments/latest" method="GET" type="request" pid="770,1,21" Accept="*/*" Host="ai-event-planner-saas-py.scm.azurewebsites.net" User-Agent="AZURECLI/2.72.0 (HOMEBREW)" Accept-Encoding="gzip, deflate" Authorization="Bas..." x-ms-client-request-id="d22a939a-4a43-11f0-80b2-dca9047d6722" X-ARR-LOG-ID="d22a939a-4a43-11f0-80b2-dca9047d6722" CLIENT-IP="107.194.36.34:57514" X-SITE-DEPLOYMENT-ID="ai-event-planner-saas-py" WAS-DEFAULT-HOSTNAME="ai-event-planner-saas-py.scm.azurewebsites.net" X-Forwarded-Proto="https" X-AppService-Proto="https" X-Forwarded-TlsVersion="1.3" X-WAWS-Unencoded-URL="/api/deployments/latest" X-Client-IP="107.194.36.34" X-Client-Port="57514" >
  <step title="Cleanup Xml Logs" date="2025-06-15T23:53:00.990" /><!-- duration: 9ms -->
  <step title="DeploymentService.GetResult" date="2025-06-15T23:53:01.103" >
    <step title="DeploymentService.GetLatestDeployment" date="2025-06-15T23:53:01.115" >
      <step title="DeploymentManager.GetResults" date="2025-06-15T23:53:01.122" /><!-- duration: 344ms -->
      <step title="Deployment 725d65f0-30a6-4877-bd74-f45acc4a8c41 is Building" date="2025-06-15T23:53:01.476" /><!-- duration: 10ms -->
    </step><!-- duration: 381ms -->
  </step><!-- duration: 411ms -->
  <step title="Outgoing response" date="2025-06-15T23:53:01.546" type="response" statusCode="202" statusText="Accepted" /><!-- duration: 10ms -->
</step><!-- duration: 601ms -->
