<step title="Incoming Request" date="2025-06-21T00:20:37.435" instance="594f48" url="/api/sshkey?ensurePublicKey=True" method="GET" type="request" pid="769,1,5" Host="ai-event-planner-saas-py.scm.azurewebsites.net" User-Agent="Azure-WebSites-Controller/104.0.7.136" Authorization="Bas..." x-ms-request-id="9099a89c-dac5-4044-a1cb-d83da80f0be9" X-ARR-LOG-ID="9099a89c-dac5-4044-a1cb-d83da80f0be9" CLIENT-IP="40.71.11.147:7361" X-SITE-DEPLOYMENT-ID="ai-event-planner-saas-py" WAS-DEFAULT-HOSTNAME="ai-event-planner-saas-py.scm.azurewebsites.net" X-MS-PLATFORM-INTERNAL="True" X-Forwarded-Proto="https" X-AppService-Proto="https" X-Forwarded-TlsVersion="1.3" X-WAWS-Unencoded-URL="/api/sshkey?ensurePublicKey=True" X-Client-IP="40.71.11.147" X-Client-Port="7361" >
  <step title="Cleanup Xml Logs" date="2025-06-21T00:20:37.441" /><!-- duration: 19ms -->
  <step title="SSHKeyController.GetPublicKey" date="2025-06-21T00:20:37.686" >
    <step title="SSHKeyManager.GetKey" date="2025-06-21T00:20:37.800" >
      <step title="Creating key pair." date="2025-06-21T00:20:37.808" /><!-- duration: 5ms -->
      <step title="SSHKeyManager.CreateKey" date="2025-06-21T00:20:37.837" /><!-- duration: 459ms -->
    </step><!-- duration: 502ms -->
  </step><!-- duration: 624ms -->
  <step title="Outgoing response" date="2025-06-21T00:20:38.344" type="response" statusCode="200" statusText="OK" /><!-- duration: 5ms -->
</step><!-- duration: 919ms -->
