<step title="BackgroundTrace" date="2025-06-22T22:07:47.437" instance="594f48" url="/api/zipdeploy" method="POST" >
  <step title="Creating temporary deployment - FetchDeploymentManager" date="2025-06-22T22:07:47.529" /><!-- duration: 3ms -->
  <step title="Creating temporary deployment" date="2025-06-22T22:07:47.548" /><!-- duration: 97ms -->
  <step title="Performing fetch based deployment" date="2025-06-22T22:07:47.725" >
    <step title="Cleaning up temp folders from previous zip deployments and extracting pushed zip file /tmp/zipdeploy/79aaf71c-468e-47de-b5c3-568c6d797f38.zip (0.61 MB) to /tmp/zipdeploy/extracted" date="2025-06-22T22:07:49.042" >
      <step title="ChmodRecursive Process exited with total time taken in ms: 119" date="2025-06-22T22:07:49.545" /><!-- duration: 9ms -->
    </step><!-- duration: 522ms -->
    <step title="Deployment timer started" date="2025-06-22T22:07:51.656" >
      <step title="DeploymentManager.Deploy(id:16a4a32b-8eac-4fc6-b12f-26bd0c62bc7c)" date="2025-06-22T22:07:51.713" >
        <step title="Collecting changeset information" date="2025-06-22T22:07:51.765" /><!-- duration: 114ms -->
        <step title="Updating submodules" date="2025-06-22T22:07:51.890" /><!-- duration: 1131ms -->
        <step title="Determining deployment builder" date="2025-06-22T22:07:53.266" >
          <step title="Builder is OryxBuilder" date="2025-06-22T22:07:53.336" /><!-- duration: 18ms -->
        </step><!-- duration: 119ms -->
        <step title="PreDeployment: context.CleanOutputPath False" date="2025-06-22T22:07:53.431" >
          <step title="PreDeployment: context.OutputPath /home/site/wwwroot" date="2025-06-22T22:07:53.598" >
            <step title="Building" date="2025-06-22T22:07:53.735" >
              <step title="Executing external process" date="2025-06-22T22:07:53.983" type="process" path="bash" arguments="-c &quot;oryx build /tmp/zipdeploy/extracted -o /home/site/wwwroot --platform python --platform-version 3.11 -p virtualenv_name=antenv --log-file /tmp/build-debug.log  -i /tmp/8ddb1d93c49f87b --compress-destination-dir | tee /tmp/oryx-build.log ; exit $PIPESTATUS &quot;" /><!-- duration: 29960ms -->
              <step title="Using PythonDeploymentLogParser" date="2025-06-22T22:08:24.370" /><!-- duration: 5ms -->
              <step title="Triggering recycle (preview mode disabled)." date="2025-06-22T22:08:25.802" /><!-- duration: 15ms -->
              <step title="Modified file to trigger a restart of the app container." date="2025-06-22T22:08:25.860" /><!-- duration: 5ms -->
              <step title="Skip function trigger and logicapp sync because function is not enabled." date="2025-06-22T22:08:25.870" /><!-- duration: 5ms -->
              <step title="Purge deployment items" date="2025-06-22T22:08:26.990" >
                <step title="Remove b56e166b-, Success, received at 06/17/2025 04:09:31" date="2025-06-22T22:08:27.121" /><!-- duration: 10ms -->
              </step><!-- duration: 159ms -->
            </step><!-- duration: 33490ms -->
          </step><!-- duration: 33630ms -->
          <step title="Cleaning up temp files" date="2025-06-22T22:08:27.232" /><!-- duration: 1711ms -->
          <step title="Cleaning up temp files" date="2025-06-22T22:08:28.965" /><!-- duration: 522ms -->
          <step title="Reloading status file with latest updates" date="2025-06-22T22:08:29.639" >
            <step title="WebHooksManager.PublishEventAsync: PostDeployment" date="2025-06-22T22:08:29.677" /><!-- duration: 103ms -->
          </step><!-- duration: 162ms -->
          <step title="Cleaning up temporary deployment - fetch deployment was successful" date="2025-06-22T22:08:29.839" /><!-- duration: 11ms -->
        </step><!-- duration: 36587ms -->
      </step><!-- duration: 38445ms -->
