<step title="Incoming Request" date="2025-06-22T22:26:16.187" instance="594f48" url="/api/zipdeploy?isAsync=true" method="POST" type="request" pid="772,1,7" Accept="*/*" Host="ai-event-planner-saas-py.scm.azurewebsites.net" User-Agent="AZURECLI/2.72.0 (HOMEBREW)" Accept-Encoding="gzip, deflate" Authorization="Bas..." Cache-Control="no-cache" Content-Type="application/octet-stream" Cookie="ARRAffinity=594f482b2f7a503f66217ddc6c24db2d4a34c0acff09b6ba35b8fadec34a5697; ARRAffinitySameSite=594f482b2f7a503f66217ddc6c24db2d4a34c0acff09b6ba35b8fadec34a5697" Content-Length="638599" x-ms-client-request-id="e3c7286a-4fb7-11f0-a5eb-dca9047d6722" x-ms-artifact-checksum="cec0146d13f25f445a6a97ff25dbb18981945e0f99ebc14522f26376aa57dc73" X-ARR-LOG-ID="e3c7286a-4fb7-11f0-a5eb-dca9047d6722" CLIENT-IP="71.69.80.30:53886" X-SITE-DEPLOYMENT-ID="ai-event-planner-saas-py" WAS-DEFAULT-HOSTNAME="ai-event-planner-saas-py.scm.azurewebsites.net" X-Forwarded-Proto="https" X-AppService-Proto="https" X-Forwarded-TlsVersion="1.3" X-WAWS-Unencoded-URL="/api/zipdeploy?isAsync=true" X-Client-IP="71.69.80.30" X-Client-Port="53886" >
  <step title="ZipPushDeploy" date="2025-06-22T22:26:16.201" >
    <step title="ZipDeploy. Extract zip. Remote build." date="2025-06-22T22:26:16.220" /><!-- duration: 3ms -->
    <step title="Starting PushDeployAsync" date="2025-06-22T22:26:16.232" /><!-- duration: 4ms -->
    <step title="Writing artifact to /tmp/zipdeploy/340f1b96-c70a-46fd-a8ab-899cbd0eef8e.zip" date="2025-06-22T22:26:16.248" >
      <step title="Writing multipart request body to /tmp/zipdeploy/340f1b96-c70a-46fd-a8ab-899cbd0eef8e.zip" date="2025-06-22T22:26:16.251" /><!-- duration: 5ms -->
    </step><!-- duration: 153ms -->
    <step title="Start deployment in the background" date="2025-06-22T22:26:16.412" >
      <step title="Acquiring Deployment Lock" date="2025-06-22T22:26:16.429" /><!-- duration: 3ms -->
      <step title="Acquired Deployment Lock" date="2025-06-22T22:26:16.499" /><!-- duration: 4ms -->
    </step><!-- duration: 166ms -->
  </step><!-- duration: 384ms -->
  <step title="Outgoing response" date="2025-06-22T22:26:16.589" type="response" statusCode="202" statusText="Accepted" /><!-- duration: 4ms -->
</step><!-- duration: 410ms -->
