<step title="Incoming Request" date="2025-06-22T12:44:40.478" instance="594f48" url="/api/deployments/latest" method="GET" type="request" pid="772,1,7" Accept="*/*" Host="ai-event-planner-saas-py.scm.azurewebsites.net" User-Agent="AZURECLI/2.72.0 (HOMEBREW)" Accept-Encoding="gzip, deflate" Authorization="Bas..." x-ms-client-request-id="9f2abb82-4f66-11f0-9456-dca9047d6722" X-ARR-LOG-ID="9f2abb82-4f66-11f0-9456-dca9047d6722" CLIENT-IP="107.194.36.34:52975" X-SITE-DEPLOYMENT-ID="ai-event-planner-saas-py" WAS-DEFAULT-HOSTNAME="ai-event-planner-saas-py.scm.azurewebsites.net" X-Forwarded-Proto="https" X-AppService-Proto="https" X-Forwarded-TlsVersion="1.3" X-WAWS-Unencoded-URL="/api/deployments/latest" X-Client-IP="107.194.36.34" X-Client-Port="52975" >
  <step title="Cleanup Xml Logs" date="2025-06-22T12:44:40.491" >
    <step title="Cleanup Infos" date="2025-06-22T12:44:40.507" totalFiles="267" totalCleanup="107" /><!-- duration: 4ms -->
  </step><!-- duration: 25ms -->
  <step title="DeploymentService.GetResult" date="2025-06-22T12:44:40.600" >
    <step title="DeploymentService.GetLatestDeployment" date="2025-06-22T12:44:40.609" >
      <step title="DeploymentManager.GetResults" date="2025-06-22T12:44:40.616" /><!-- duration: 1949ms -->
    </step><!-- duration: 1986ms -->
  </step><!-- duration: 2025ms -->
  <step title="Outgoing response" date="2025-06-22T12:44:42.646" type="response" statusCode="202" statusText="Accepted" /><!-- duration: 11ms -->
</step><!-- duration: 2190ms -->
