<step title="Incoming Request" date="2025-06-22T15:47:00.682" instance="594f48" url="/api/deployments/latest" method="GET" type="request" pid="767,1,22" Accept="*/*" Host="ai-event-planner-saas-py.scm.azurewebsites.net" User-Agent="AZURECLI/2.72.0 (HOMEBREW)" Accept-Encoding="gzip, deflate" Authorization="Bas..." x-ms-client-request-id="1792f9fe-4f80-11f0-a0d7-dca9047d6722" X-ARR-LOG-ID="1792f9fe-4f80-11f0-a0d7-dca9047d6722" CLIENT-IP="107.194.36.34:53322" X-SITE-DEPLOYMENT-ID="ai-event-planner-saas-py" WAS-DEFAULT-HOSTNAME="ai-event-planner-saas-py.scm.azurewebsites.net" X-Forwarded-Proto="https" X-AppService-Proto="https" X-Forwarded-TlsVersion="1.3" X-WAWS-Unencoded-URL="/api/deployments/latest" X-Client-IP="107.194.36.34" X-Client-Port="53322" >
  <step title="Cleanup Xml Logs" date="2025-06-22T15:47:00.686" >
    <step title="Cleanup Infos" date="2025-06-22T15:47:00.702" totalFiles="278" totalCleanup="118" /><!-- duration: 4ms -->
  </step><!-- duration: 23ms -->
  <step title="DeploymentService.GetResult" date="2025-06-22T15:47:00.782" >
    <step title="DeploymentService.GetLatestDeployment" date="2025-06-22T15:47:00.785" >
      <step title="DeploymentManager.GetResults" date="2025-06-22T15:47:00.790" /><!-- duration: 728ms -->
    </step><!-- duration: 747ms -->
  </step><!-- duration: 754ms -->
  <step title="Outgoing response" date="2025-06-22T15:47:01.541" type="response" statusCode="202" statusText="Accepted" /><!-- duration: 3ms -->
</step><!-- duration: 866ms -->
