<step title="Incoming Request" date="2025-06-16T00:03:51.382" instance="594f48" url="/api/zipdeploy?isAsync=true" method="POST" type="request" pid="770,1,7" Accept="*/*" Host="ai-event-planner-saas-py.scm.azurewebsites.net" User-Agent="AZURECLI/2.72.0 (HOMEBREW)" Accept-Encoding="gzip, deflate" Authorization="Bas..." Cache-Control="no-cache" Content-Type="application/octet-stream" Cookie="ARRAffinity=594f482b2f7a503f66217ddc6c24db2d4a34c0acff09b6ba35b8fadec34a5697; ARRAffinitySameSite=594f482b2f7a503f66217ddc6c24db2d4a34c0acff09b6ba35b8fadec34a5697" Content-Length="1385507" x-ms-client-request-id="5acc9e04-4a45-11f0-bd63-dca9047d6722" x-ms-artifact-checksum="03e64f060f9997a78182e505c4497bb65d697e792278a9dda017b97d68234a14" X-ARR-LOG-ID="5acc9e04-4a45-11f0-bd63-dca9047d6722" CLIENT-IP="107.194.36.34:57642" X-SITE-DEPLOYMENT-ID="ai-event-planner-saas-py" WAS-DEFAULT-HOSTNAME="ai-event-planner-saas-py.scm.azurewebsites.net" X-Forwarded-Proto="https" X-AppService-Proto="https" X-Forwarded-TlsVersion="1.3" X-WAWS-Unencoded-URL="/api/zipdeploy?isAsync=true" X-Client-IP="107.194.36.34" X-Client-Port="57642" >
  <step title="ZipPushDeploy" date="2025-06-16T00:03:51.412" >
    <step title="ZipDeploy. Extract zip. Remote build." date="2025-06-16T00:03:51.430" /><!-- duration: 4ms -->
    <step title="Starting PushDeployAsync" date="2025-06-16T00:03:51.442" /><!-- duration: 6ms -->
    <step title="Writing artifact to /tmp/zipdeploy/96a1cf7a-9dd1-4307-8d62-bb8518341c36.zip" date="2025-06-16T00:03:51.466" >
      <step title="Writing multipart request body to /tmp/zipdeploy/96a1cf7a-9dd1-4307-8d62-bb8518341c36.zip" date="2025-06-16T00:03:51.471" /><!-- duration: 9ms -->
    </step><!-- duration: 421ms -->
    <step title="Start deployment in the background" date="2025-06-16T00:03:51.906" >
      <step title="Acquiring Deployment Lock" date="2025-06-16T00:03:51.923" /><!-- duration: 4ms -->
      <step title="Acquired Deployment Lock" date="2025-06-16T00:03:51.967" /><!-- duration: 4ms -->
    </step><!-- duration: 132ms -->
  </step><!-- duration: 631ms -->
  <step title="Outgoing response" date="2025-06-16T00:03:52.048" type="response" statusCode="202" statusText="Accepted" /><!-- duration: 4ms -->
</step><!-- duration: 675ms -->
