<step title="BackgroundTrace" date="2025-06-22T15:46:55.722" instance="594f48" url="/api/zipdeploy" method="POST" >
  <step title="Creating temporary deployment - FetchDeploymentManager" date="2025-06-22T15:46:55.800" /><!-- duration: 4ms -->
  <step title="Creating temporary deployment" date="2025-06-22T15:46:55.815" /><!-- duration: 62ms -->
  <step title="Performing fetch based deployment" date="2025-06-22T15:46:55.962" >
    <step title="Cleaning up temp folders from previous zip deployments and extracting pushed zip file /tmp/zipdeploy/a44b368a-4263-4147-814e-4ec4560a76c5.zip (0.61 MB) to /tmp/zipdeploy/extracted" date="2025-06-22T15:46:57.158" >
      <step title="ChmodRecursive Process exited with total time taken in ms: 100" date="2025-06-22T15:46:57.431" /><!-- duration: 19ms -->
    </step><!-- duration: 299ms -->
    <step title="Deployment timer started" date="2025-06-22T15:46:59.482" >
      <step title="DeploymentManager.Deploy(id:c605ca92-e2ec-4144-811b-14432d91b310)" date="2025-06-22T15:46:59.521" >
        <step title="Collecting changeset information" date="2025-06-22T15:46:59.655" /><!-- duration: 228ms -->
        <step title="Updating submodules" date="2025-06-22T15:46:59.906" /><!-- duration: 1282ms -->
        <step title="Determining deployment builder" date="2025-06-22T15:47:01.932" >
          <step title="Builder is OryxBuilder" date="2025-06-22T15:47:01.968" /><!-- duration: 4ms -->
        </step><!-- duration: 57ms -->
        <step title="PreDeployment: context.CleanOutputPath False" date="2025-06-22T15:47:02.202" >
          <step title="PreDeployment: context.OutputPath /home/site/wwwroot" date="2025-06-22T15:47:02.422" >
            <step title="Building" date="2025-06-22T15:47:02.734" >
              <step title="Executing external process" date="2025-06-22T15:47:03.469" type="process" path="bash" arguments="-c &quot;oryx build /tmp/zipdeploy/extracted -o /home/site/wwwroot --platform python --platform-version 3.11 -p virtualenv_name=antenv --log-file /tmp/build-debug.log  -i /tmp/8ddb1a407cd2dc4 --compress-destination-dir | tee /tmp/oryx-build.log ; exit $PIPESTATUS &quot;" /><!-- duration: 70022ms -->
              <step title="Using PythonDeploymentLogParser" date="2025-06-22T15:48:13.951" /><!-- duration: 4ms -->
              <step title="Triggering recycle (preview mode disabled)." date="2025-06-22T15:48:15.059" /><!-- duration: 11ms -->
              <step title="Modified file to trigger a restart of the app container." date="2025-06-22T15:48:15.145" /><!-- duration: 9ms -->
              <step title="Skip function trigger and logicapp sync because function is not enabled." date="2025-06-22T15:48:15.173" /><!-- duration: 10ms -->
              <step title="Purge deployment items" date="2025-06-22T15:48:16.343" >
                <step title="Remove 99066bf1-, Failed, received at 06/22/2025 12:44:39" date="2025-06-22T15:48:16.412" /><!-- duration: 6ms -->
                <step title="Remove temp-890f, Failed, received at 06/22/2025 12:44:35" date="2025-06-22T15:48:16.484" /><!-- duration: 6ms -->
                <step title="Remove 43832850-, Success, received at 06/17/2025 03:52:28" date="2025-06-22T15:48:16.539" /><!-- duration: 5ms -->
              </step><!-- duration: 206ms -->
            </step><!-- duration: 73878ms -->
          </step><!-- duration: 74194ms -->
          <step title="Cleaning up temp files" date="2025-06-22T15:48:16.619" /><!-- duration: 1715ms -->
          <step title="Cleaning up temp files" date="2025-06-22T15:48:18.343" /><!-- duration: 528ms -->
          <step title="Reloading status file with latest updates" date="2025-06-22T15:48:18.902" >
            <step title="WebHooksManager.PublishEventAsync: PostDeployment" date="2025-06-22T15:48:18.916" /><!-- duration: 123ms -->
          </step><!-- duration: 141ms -->
          <step title="Cleaning up temporary deployment - fetch deployment was successful" date="2025-06-22T15:48:19.052" /><!-- duration: 4ms -->
        </step><!-- duration: 76922ms -->
      </step><!-- duration: 79625ms -->
