<step title="Incoming Request" date="2025-06-21T01:15:40.790" instance="594f48" url="/api/deployments/latest" method="GET" type="request" pid="767,1,20" Accept="*/*" Host="ai-event-planner-saas-py.scm.azurewebsites.net" User-Agent="AZURECLI/2.72.0 (HOMEBREW)" Accept-Encoding="gzip, deflate" Authorization="Bas..." x-ms-client-request-id="36a5aede-4e3d-11f0-b7e6-dca9047d6722" X-ARR-LOG-ID="36a5aede-4e3d-11f0-b7e6-dca9047d6722" CLIENT-IP="107.194.36.34:49479" X-SITE-DEPLOYMENT-ID="ai-event-planner-saas-py" WAS-DEFAULT-HOSTNAME="ai-event-planner-saas-py.scm.azurewebsites.net" X-Forwarded-Proto="https" X-AppService-Proto="https" X-Forwarded-TlsVersion="1.3" X-WAWS-Unencoded-URL="/api/deployments/latest" X-Client-IP="107.194.36.34" X-Client-Port="49479" >
  <step title="Cleanup Xml Logs" date="2025-06-21T01:15:40.808" >
    <step title="Cleanup Infos" date="2025-06-21T01:15:40.819" totalFiles="226" totalCleanup="66" /><!-- duration: 4ms -->
  </step><!-- duration: 19ms -->
  <step title="DeploymentService.GetResult" date="2025-06-21T01:15:40.927" >
    <step title="DeploymentService.GetLatestDeployment" date="2025-06-21T01:15:40.942" >
      <step title="DeploymentManager.GetResults" date="2025-06-21T01:15:40.951" /><!-- duration: 748ms -->
      <step title="Deployment cdf9d270-e735-4dc3-9118-4ebdee1c54f3 is Pending" date="2025-06-21T01:15:41.708" /><!-- duration: 4ms -->
    </step><!-- duration: 777ms -->
  </step><!-- duration: 795ms -->
  <step title="Outgoing response" date="2025-06-21T01:15:41.727" type="response" statusCode="202" statusText="Accepted" /><!-- duration: 3ms -->
</step><!-- duration: 944ms -->
