<step title="BackgroundTrace" date="2025-06-17T05:05:28.239" instance="594f48" url="/api/zipdeploy" method="POST" >
  <step title="Creating temporary deployment - FetchDeploymentManager" date="2025-06-17T05:05:28.335" /><!-- duration: 4ms -->
  <step title="Creating temporary deployment" date="2025-06-17T05:05:28.351" /><!-- duration: 131ms -->
  <step title="Performing fetch based deployment" date="2025-06-17T05:05:28.568" >
    <step title="Cleaning up temp folders from previous zip deployments and extracting pushed zip file /tmp/zipdeploy/f18da05c-ac8e-49f5-bd88-e024a4115836.zip (1.32 MB) to /tmp/zipdeploy/extracted" date="2025-06-17T05:05:29.757" >
      <step title="ChmodRecursive Process exited with total time taken in ms: 430" date="2025-06-17T05:05:30.610" /><!-- duration: 11ms -->
    </step><!-- duration: 883ms -->
    <step title="Deployment timer started" date="2025-06-17T05:05:32.753" >
      <step title="DeploymentManager.Deploy(id:18c154ed-8199-40cb-9c1f-9f8275d4c4f9)" date="2025-06-17T05:05:32.774" >
        <step title="Collecting changeset information" date="2025-06-17T05:05:32.824" /><!-- duration: 101ms -->
        <step title="Updating submodules" date="2025-06-17T05:05:32.934" /><!-- duration: 1152ms -->
        <step title="Determining deployment builder" date="2025-06-17T05:05:34.352" >
          <step title="Builder is BasicBuilder" date="2025-06-17T05:05:34.381" /><!-- duration: 4ms -->
        </step><!-- duration: 40ms -->
        <step title="PreDeployment: context.CleanOutputPath False" date="2025-06-17T05:05:34.448" >
          <step title="PreDeployment: context.OutputPath /home/site/wwwroot" date="2025-06-17T05:05:34.570" >
            <step title="Building" date="2025-06-17T05:05:34.739" >
              <step title="Generating deployment script" date="2025-06-17T05:05:34.864" >
                <step title="Executing external process" date="2025-06-17T05:05:34.937" type="process" path="starter.sh" arguments="&quot;/opt/Kudu/node_modules/.bin/kuduscript&quot; -y --no-dot-deployment -r &quot;/tmp/zipdeploy/extracted&quot; -o &quot;/home/site/deployments/tools&quot; --basic --sitePath &quot;/tmp/zipdeploy/extracted&quot;" /><!-- duration: 579ms -->
                <step title="Saved cached version of the deployment script for command -y --no-dot-deployment -r &quot;/tmp/zipdeploy/extracted&quot; -o &quot;/home/site/deployments/tools&quot; --basic --sitePath &quot;/tmp/zipdeploy/extracted&quot;" date="2025-06-17T05:05:35.607" /><!-- duration: 4ms -->
              </step><!-- duration: 764ms -->
              <step title="Executing external process" date="2025-06-17T05:05:35.795" type="process" path="starter.sh" arguments="&quot;/home/site/deployments/tools/deploy.sh&quot;" /><!-- duration: 10892ms -->
              <step title="Triggering recycle (preview mode disabled)." date="2025-06-17T05:05:47.033" /><!-- duration: 13ms -->
              <step title="Modified file to trigger a restart of the app container." date="2025-06-17T05:05:47.098" /><!-- duration: 4ms -->
              <step title="Skip function trigger and logicapp sync because function is not enabled." date="2025-06-17T05:05:47.108" /><!-- duration: 11ms -->
              <step title="Purge deployment items" date="2025-06-17T05:05:48.241" >
                <step title="Remove 7d798241-, Failed, received at 06/17/2025 05:02:51" date="2025-06-17T05:05:48.328" /><!-- duration: 5ms -->
                <step title="Remove temp-13b7, Failed, received at 06/17/2025 05:02:44" date="2025-06-17T05:05:48.402" /><!-- duration: 4ms -->
              </step><!-- duration: 173ms -->
            </step><!-- duration: 13745ms -->
          </step><!-- duration: 13927ms -->
          <step title="Cleaning up temp files" date="2025-06-17T05:05:48.501" /><!-- duration: 8ms -->
          <step title="Cleaning up temp files" date="2025-06-17T05:05:48.521" /><!-- duration: 510ms -->
          <step title="Reloading status file with latest updates" date="2025-06-17T05:05:49.080" >
            <step title="WebHooksManager.PublishEventAsync: PostDeployment" date="2025-06-17T05:05:49.093" /><!-- duration: 105ms -->
          </step><!-- duration: 122ms -->
          <step title="Cleaning up temporary deployment - fetch deployment was successful" date="2025-06-17T05:05:49.210" /><!-- duration: 4ms -->
        </step><!-- duration: 14850ms -->
      </step><!-- duration: 16546ms -->
