<step title="BackgroundTrace" date="2025-06-22T22:26:16.421" instance="594f48" url="/api/zipdeploy" method="POST" >
  <step title="Creating temporary deployment - FetchDeploymentManager" date="2025-06-22T22:26:16.506" /><!-- duration: 4ms -->
  <step title="Creating temporary deployment" date="2025-06-22T22:26:16.515" /><!-- duration: 58ms -->
  <step title="Performing fetch based deployment" date="2025-06-22T22:26:16.677" >
    <step title="Cleaning up temp folders from previous zip deployments and extracting pushed zip file /tmp/zipdeploy/340f1b96-c70a-46fd-a8ab-899cbd0eef8e.zip (0.61 MB) to /tmp/zipdeploy/extracted" date="2025-06-22T22:26:17.980" >
      <step title="ChmodRecursive Process exited with total time taken in ms: 155" date="2025-06-22T22:26:21.391" /><!-- duration: 19ms -->
    </step><!-- duration: 3452ms -->
    <step title="Deployment timer started" date="2025-06-22T22:26:23.459" >
      <step title="DeploymentManager.Deploy(id:a97d02aa-9f0f-404f-b2a0-e0013703cb0d)" date="2025-06-22T22:26:23.473" >
        <step title="Collecting changeset information" date="2025-06-22T22:26:23.517" /><!-- duration: 93ms -->
        <step title="Updating submodules" date="2025-06-22T22:26:23.620" /><!-- duration: 1127ms -->
        <step title="Determining deployment builder" date="2025-06-22T22:26:25.030" >
          <step title="Builder is OryxBuilder" date="2025-06-22T22:26:25.095" /><!-- duration: 5ms -->
        </step><!-- duration: 80ms -->
        <step title="PreDeployment: context.CleanOutputPath False" date="2025-06-22T22:26:25.155" >
          <step title="PreDeployment: context.OutputPath /home/site/wwwroot" date="2025-06-22T22:26:25.290" >
            <step title="Building" date="2025-06-22T22:26:25.439" >
              <step title="Executing external process" date="2025-06-22T22:26:25.754" type="process" path="bash" arguments="-c &quot;oryx build /tmp/zipdeploy/extracted -o /home/site/wwwroot --platform python --platform-version 3.11 -p virtualenv_name=antenv --log-file /tmp/build-debug.log  -i /tmp/8ddb1dbd2ed8670 --compress-destination-dir | tee /tmp/oryx-build.log ; exit $PIPESTATUS &quot;" /><!-- duration: 28717ms -->
              <step title="Using PythonDeploymentLogParser" date="2025-06-22T22:26:54.929" /><!-- duration: 34ms -->
              <step title="Triggering recycle (preview mode disabled)." date="2025-06-22T22:26:56.269" /><!-- duration: 9ms -->
              <step title="Modified file to trigger a restart of the app container." date="2025-06-22T22:26:56.315" /><!-- duration: 5ms -->
              <step title="Skip function trigger and logicapp sync because function is not enabled." date="2025-06-22T22:26:56.326" /><!-- duration: 16ms -->
              <step title="Purge deployment items" date="2025-06-22T22:26:57.785" >
                <step title="Remove 1a04c222-, Failed, received at 06/22/2025 22:20:47" date="2025-06-22T22:26:57.918" /><!-- duration: 5ms -->
                <step title="Remove 9f8d55a3-, Success, received at 06/17/2025 04:22:50" date="2025-06-22T22:26:58.086" /><!-- duration: 23ms -->
              </step><!-- duration: 371ms -->
            </step><!-- duration: 32879ms -->
          </step><!-- duration: 33091ms -->
          <step title="Cleaning up temp files" date="2025-06-22T22:26:58.420" /><!-- duration: 2318ms -->
          <step title="Cleaning up temp files" date="2025-06-22T22:27:00.799" /><!-- duration: 814ms -->
          <step title="Reloading status file with latest updates" date="2025-06-22T22:27:01.684" >
            <step title="WebHooksManager.PublishEventAsync: PostDeployment" date="2025-06-22T22:27:01.714" /><!-- duration: 80ms -->
          </step><!-- duration: 152ms -->
          <step title="Cleaning up temporary deployment - fetch deployment was successful" date="2025-06-22T22:27:01.935" /><!-- duration: 11ms -->
        </step><!-- duration: 36922ms -->
      </step><!-- duration: 38774ms -->
