<step title="Incoming Request" date="2025-06-21T01:15:36.504" instance="594f48" url="/api/zipdeploy?isAsync=true" method="POST" type="request" pid="767,1,7" Accept="*/*" Host="ai-event-planner-saas-py.scm.azurewebsites.net" User-Agent="AZURECLI/2.72.0 (HOMEBREW)" Accept-Encoding="gzip, deflate" Authorization="Bas..." Cache-Control="no-cache" Content-Type="application/octet-stream" Cookie="ARRAffinity=594f482b2f7a503f66217ddc6c24db2d4a34c0acff09b6ba35b8fadec34a5697; ARRAffinitySameSite=594f482b2f7a503f66217ddc6c24db2d4a34c0acff09b6ba35b8fadec34a5697" Content-Length="638125" x-ms-client-request-id="36a5aede-4e3d-11f0-b7e6-dca9047d6722" x-ms-artifact-checksum="6e5248a103ff3b50a3c9b0984133ab28d8cb4d1eb5e55fedce513a608277ae9e" X-ARR-LOG-ID="36a5aede-4e3d-11f0-b7e6-dca9047d6722" CLIENT-IP="107.194.36.34:49474" X-SITE-DEPLOYMENT-ID="ai-event-planner-saas-py" WAS-DEFAULT-HOSTNAME="ai-event-planner-saas-py.scm.azurewebsites.net" X-Forwarded-Proto="https" X-AppService-Proto="https" X-Forwarded-TlsVersion="1.3" X-WAWS-Unencoded-URL="/api/zipdeploy?isAsync=true" X-Client-IP="107.194.36.34" X-Client-Port="49474" >
  <step title="ZipPushDeploy" date="2025-06-21T01:15:36.563" >
    <step title="ZipDeploy. Extract zip. Remote build." date="2025-06-21T01:15:36.577" /><!-- duration: 4ms -->
    <step title="None repository commit" date="2025-06-21T01:15:36.602" >
      <step title="Commit id: cdf9d270-e735-4dc3-9118-4ebdee1c54f3" date="2025-06-21T01:15:36.606" Message="N/A" AuthorName="N/A" AuthorEmail="N/A" /><!-- duration: 4ms -->
    </step><!-- duration: 12ms -->
    <step title="Starting PushDeployAsync" date="2025-06-21T01:15:36.619" /><!-- duration: 4ms -->
    <step title="Writing artifact to /tmp/zipdeploy/0ed20ba0-988c-4773-8fdd-db432a3ccc35.zip" date="2025-06-21T01:15:36.647" >
      <step title="Writing multipart request body to /tmp/zipdeploy/0ed20ba0-988c-4773-8fdd-db432a3ccc35.zip" date="2025-06-21T01:15:36.651" /><!-- duration: 4ms -->
    </step><!-- duration: 129ms -->
    <step title="Start deployment in the background" date="2025-06-21T01:15:36.792" >
      <step title="Acquiring Deployment Lock" date="2025-06-21T01:15:36.815" /><!-- duration: 10ms -->
      <step title="Acquired Deployment Lock" date="2025-06-21T01:15:36.871" /><!-- duration: 5ms -->
    </step><!-- duration: 183ms -->
  </step><!-- duration: 417ms -->
  <step title="Outgoing response" date="2025-06-21T01:15:36.990" type="response" statusCode="202" statusText="Accepted" /><!-- duration: 9ms -->
</step><!-- duration: 499ms -->
