<step title="BackgroundTrace" date="2025-06-22T02:04:09.434" instance="594f48" url="/api/zipdeploy" method="POST" >
  <step title="Creating temporary deployment - FetchDeploymentManager" date="2025-06-22T02:04:09.551" /><!-- duration: 5ms -->
  <step title="Creating temporary deployment" date="2025-06-22T02:04:09.561" /><!-- duration: 130ms -->
  <step title="Performing fetch based deployment" date="2025-06-22T02:04:09.788" >
    <step title="Cleaning up temp folders from previous zip deployments and extracting pushed zip file /tmp/zipdeploy/da89a7d2-5cdc-4129-a5cb-c6f0f60f59bf.zip (0.61 MB) to /tmp/zipdeploy/extracted" date="2025-06-22T02:04:11.085" >
      <step title="ChmodRecursive Process exited with total time taken in ms: 149" date="2025-06-22T02:04:11.539" /><!-- duration: 11ms -->
    </step><!-- duration: 493ms -->
    <step title="Deployment timer started" date="2025-06-22T02:04:13.613" >
      <step title="DeploymentManager.Deploy(id:ba71e1c7-a0a6-4b40-80a5-6d83583862a6)" date="2025-06-22T02:04:13.634" >
        <step title="Collecting changeset information" date="2025-06-22T02:04:13.692" /><!-- duration: 145ms -->
        <step title="Updating submodules" date="2025-06-22T02:04:13.848" /><!-- duration: 1179ms -->
        <step title="Determining deployment builder" date="2025-06-22T02:04:15.574" >
          <step title="Builder is OryxBuilder" date="2025-06-22T02:04:15.607" /><!-- duration: 4ms -->
        </step><!-- duration: 43ms -->
        <step title="PreDeployment: context.CleanOutputPath False" date="2025-06-22T02:04:15.670" >
          <step title="PreDeployment: context.OutputPath /home/site/wwwroot" date="2025-06-22T02:04:15.828" >
            <step title="Building" date="2025-06-22T02:04:16.038" >
              <step title="Executing external process" date="2025-06-22T02:04:16.530" type="process" path="bash" arguments="-c &quot;oryx build /tmp/zipdeploy/extracted -o /home/site/wwwroot --platform python --platform-version 3.11 -p virtualenv_name=antenv --log-file /tmp/build-debug.log  -i /tmp/8ddb1311723d8b1 --compress-destination-dir | tee /tmp/oryx-build.log ; exit $PIPESTATUS &quot;" /><!-- duration: 61334ms -->
              <step title="Using PythonDeploymentLogParser" date="2025-06-22T02:05:18.297" /><!-- duration: 12ms -->
              <step title="Triggering recycle (preview mode disabled)." date="2025-06-22T02:05:19.677" /><!-- duration: 11ms -->
              <step title="Modified file to trigger a restart of the app container." date="2025-06-22T02:05:19.783" /><!-- duration: 20ms -->
              <step title="Skip function trigger and logicapp sync because function is not enabled." date="2025-06-22T02:05:19.824" /><!-- duration: 29ms -->
              <step title="Purge deployment items" date="2025-06-22T02:05:21.025" >
                <step title="Remove 23907134-, Success, received at 06/16/2025 00:47:32" date="2025-06-22T02:05:21.105" /><!-- duration: 5ms -->
              </step><!-- duration: 94ms -->
            </step><!-- duration: 65152ms -->
          </step><!-- duration: 65369ms -->
          <step title="Cleaning up temp files" date="2025-06-22T02:05:21.201" /><!-- duration: 1706ms -->
          <step title="Cleaning up temp files" date="2025-06-22T02:05:22.938" /><!-- duration: 570ms -->
          <step title="Reloading status file with latest updates" date="2025-06-22T02:05:23.549" >
            <step title="WebHooksManager.PublishEventAsync: PostDeployment" date="2025-06-22T02:05:23.565" /><!-- duration: 104ms -->
          </step><!-- duration: 125ms -->
          <step title="Cleaning up temporary deployment - fetch deployment was successful" date="2025-06-22T02:05:23.682" /><!-- duration: 23ms -->
        </step><!-- duration: 68084ms -->
      </step><!-- duration: 70148ms -->
