<step title="BackgroundTrace" date="2025-06-16T00:07:18.977" instance="594f48" url="/api/zipdeploy" method="POST" >
  <step title="Cleanup Xml Logs" date="2025-06-16T00:07:19.024" /><!-- duration: 91ms -->
  <step title="Creating temporary deployment - FetchDeploymentManager" date="2025-06-16T00:07:19.212" /><!-- duration: 5ms -->
  <step title="Creating temporary deployment" date="2025-06-16T00:07:19.226" /><!-- duration: 60ms -->
  <step title="Performing fetch based deployment" date="2025-06-16T00:07:19.352" >
    <step title="Cleaning up temp folders from previous zip deployments and extracting pushed zip file /tmp/zipdeploy/93b13de0-b171-4cd6-8ba8-a557e36e59cd.zip (1.32 MB) to /tmp/zipdeploy/extracted" date="2025-06-16T00:07:20.574" >
      <step title="ChmodRecursive Process exited with total time taken in ms: 79" date="2025-06-16T00:07:21.189" /><!-- duration: 10ms -->
    </step><!-- duration: 636ms -->
    <step title="Deployment timer started" date="2025-06-16T00:07:23.232" >
      <step title="DeploymentManager.Deploy(id:5df7f130-c107-44ba-8f53-36eab18cfec6)" date="2025-06-16T00:07:23.244" >
        <step title="Collecting changeset information" date="2025-06-16T00:07:23.275" /><!-- duration: 92ms -->
        <step title="Updating submodules" date="2025-06-16T00:07:23.374" /><!-- duration: 1099ms -->
        <step title="Determining deployment builder" date="2025-06-16T00:07:24.671" >
          <step title="Builder is OryxBuilder" date="2025-06-16T00:07:24.695" /><!-- duration: 4ms -->
        </step><!-- duration: 33ms -->
        <step title="PreDeployment: context.CleanOutputPath False" date="2025-06-16T00:07:24.763" >
          <step title="PreDeployment: context.OutputPath /home/site/wwwroot" date="2025-06-16T00:07:24.867" >
            <step title="Building" date="2025-06-16T00:07:24.985" >
              <step title="Executing external process" date="2025-06-16T00:07:25.301" type="process" path="bash" arguments="-c &quot;oryx build /tmp/zipdeploy/extracted -o /home/site/wwwroot --platform python --platform-version 3.11 -p virtualenv_name=antenv --log-file /tmp/build-debug.log  -i /tmp/8ddac69c5d556cc --compress-destination-dir | tee /tmp/oryx-build.log ; exit $PIPESTATUS &quot;" >
                <step title="Cpu: python(1594,48.280s)+ts(1595,0.180s)+build.sh(1593,0.000s)+build.sh(1592,0.000s)+build.sh(1510,0.050s)+oryx(1489,3.090s)+tee(1490,0.020s)+bash(1488,0.000s)=total(51.610s)" date="2025-06-16T00:08:51.003" /><!-- duration: 34ms -->
                <step title="bash: no io activity for 61s, prev-cpu=-1.000s, current-cpu=51.610s" date="2025-06-16T00:08:51.050" /><!-- duration: 22ms -->
                <step title="Cpu: python(1594,96.040s)+ts(1595,0.220s)+build.sh(1593,0.000s)+build.sh(1592,0.000s)+build.sh(1510,0.060s)+oryx(1489,3.400s)+tee(1490,0.020s)+bash(1488,0.000s)=total(99.740s)" date="2025-06-16T00:09:51.507" /><!-- duration: 32ms -->
                <step title="bash: no io activity for 122s, prev-cpu=51.610s, current-cpu=99.740s" date="2025-06-16T00:09:51.576" /><!-- duration: 20ms -->
              </step><!-- duration: 256831ms -->
              <step title="Using PythonDeploymentLogParser" date="2025-06-16T00:11:42.488" /><!-- duration: 5ms -->
              <step title="Triggering recycle (preview mode disabled)." date="2025-06-16T00:11:43.622" /><!-- duration: 8ms -->
              <step title="Modified file to trigger a restart of the app container." date="2025-06-16T00:11:43.663" /><!-- duration: 4ms -->
              <step title="Skip function trigger and logicapp sync because function is not enabled." date="2025-06-16T00:11:43.678" /><!-- duration: 11ms -->
              <step title="Purge deployment items" date="2025-06-16T00:11:44.397" >
                <step title="Remove 73bbbddb-, Failed, received at 06/16/2025 00:03:55" date="2025-06-16T00:11:44.450" /><!-- duration: 4ms -->
              </step><!-- duration: 69ms -->
            </step><!-- duration: 259539ms -->
          </step><!-- duration: 259682ms -->
          <step title="Cleaning up temp files" date="2025-06-16T00:11:44.553" /><!-- duration: 3847ms -->
          <step title="Cleaning up temp files" date="2025-06-16T00:11:48.413" /><!-- duration: 514ms -->
          <step title="Reloading status file with latest updates" date="2025-06-16T00:11:48.960" >
            <step title="WebHooksManager.PublishEventAsync: PostDeployment" date="2025-06-16T00:11:48.968" /><!-- duration: 55ms -->
          </step><!-- duration: 68ms -->
          <step title="Cleaning up temporary deployment - fetch deployment was successful" date="2025-06-16T00:11:49.037" /><!-- duration: 4ms -->
        </step><!-- duration: 264342ms -->
      </step><!-- duration: 265883ms -->
