<step title="Incoming Request" date="2025-06-25T05:05:41.107" instance="594f48" url="/api/deployments/latest" method="GET" type="request" pid="771,1,16" Accept="*/*" Host="ai-event-planner-saas-py.scm.azurewebsites.net" User-Agent="AZURECLI/2.72.0 (HOMEBREW)" Accept-Encoding="gzip, deflate" Authorization="Bas..." x-ms-client-request-id="f005f9aa-5181-11f0-8a40-dca9047d6722" X-ARR-LOG-ID="f005f9aa-5181-11f0-8a40-dca9047d6722" CLIENT-IP="107.194.36.34:59936" X-SITE-DEPLOYMENT-ID="ai-event-planner-saas-py" WAS-DEFAULT-HOSTNAME="ai-event-planner-saas-py.scm.azurewebsites.net" X-Forwarded-Proto="https" X-AppService-Proto="https" X-Forwarded-TlsVersion="1.3" X-WAWS-Unencoded-URL="/api/deployments/latest" X-Client-IP="107.194.36.34" X-Client-Port="59936" >
  <step title="Cleanup Xml Logs" date="2025-06-25T05:05:41.165" >
    <step title="Cleanup Infos" date="2025-06-25T05:05:41.346" totalFiles="347" totalCleanup="187" /><!-- duration: 21ms -->
  </step><!-- duration: 221ms -->
  <step title="DeploymentService.GetResult" date="2025-06-25T05:05:41.710" >
    <step title="DeploymentService.GetLatestDeployment" date="2025-06-25T05:05:41.730" >
      <step title="DeploymentManager.GetResults" date="2025-06-25T05:05:41.749" /><!-- duration: 1683ms -->
    </step><!-- duration: 1715ms -->
  </step><!-- duration: 1739ms -->
  <step title="Outgoing response" date="2025-06-25T05:05:43.456" type="response" statusCode="202" statusText="Accepted" /><!-- duration: 8ms -->
</step><!-- duration: 2360ms -->
