<step title="BackgroundTrace" date="2025-06-17T05:02:44.652" instance="594f48" url="/api/zipdeploy" method="POST" >
  <step title="Cleanup Xml Logs" date="2025-06-17T05:02:44.669" /><!-- duration: 33ms -->
  <step title="Creating temporary deployment - FetchDeploymentManager" date="2025-06-17T05:02:44.872" /><!-- duration: 19ms -->
  <step title="Creating temporary deployment" date="2025-06-17T05:02:44.903" /><!-- duration: 209ms -->
  <step title="Performing fetch based deployment" date="2025-06-17T05:02:45.224" >
    <step title="Cleaning up temp folders from previous zip deployments and extracting pushed zip file /tmp/zipdeploy/d0df914e-2d8c-4b30-b0fd-80534ba4159b.zip (1.32 MB) to /tmp/zipdeploy/extracted" date="2025-06-17T05:02:46.632" >
      <step title="ChmodRecursive Process exited with total time taken in ms: 244" date="2025-06-17T05:02:48.244" /><!-- duration: 27ms -->
    </step><!-- duration: 1679ms -->
    <step title="Deployment timer started" date="2025-06-17T05:02:50.354" >
      <step title="DeploymentManager.Deploy(id:7d798241-32f6-4efd-bbab-599df68f3c51)" date="2025-06-17T05:02:50.386" >
        <step title="Collecting changeset information" date="2025-06-17T05:02:50.545" /><!-- duration: 1048ms -->
        <step title="Updating submodules" date="2025-06-17T05:02:51.603" /><!-- duration: 1369ms -->
        <step title="Determining deployment builder" date="2025-06-17T05:02:53.435" >
          <step title="Builder is OryxBuilder" date="2025-06-17T05:02:53.494" /><!-- duration: 12ms -->
        </step><!-- duration: 86ms -->
        <step title="PreDeployment: context.CleanOutputPath False" date="2025-06-17T05:02:53.622" >
          <step title="PreDeployment: context.OutputPath /home/site/wwwroot" date="2025-06-17T05:02:53.865" >
            <step title="Building" date="2025-06-17T05:02:54.296" >
              <step title="Executing external process" date="2025-06-17T05:02:54.966" type="process" path="bash" arguments="-c &quot;oryx build /tmp/zipdeploy/extracted -o /home/site/wwwroot --platform python --platform-version 3.11 -p virtualenv_name=antenv --log-file /tmp/build-debug.log  -i /tmp/8ddad5c37729501 --compress-destination-dir | tee /tmp/oryx-build.log ; exit $PIPESTATUS &quot;" >
                <step title="Error occurred" date="2025-06-17T05:03:01.448" type="error" text="Deployment has been stopped due to SCM container restart. The restart can happen due to a management operation on site. Do not perform a management operation and a deployment operation in quick succession. Adding a small delay can help avoid any conflicts." /><!-- duration: 40ms -->
                <step title="Killing external process" date="2025-06-17T05:03:01.549" >
                  <step title="Abort Process &apos;oryx(2463)&apos;." date="2025-06-17T05:03:01.789" /><!-- duration: 41ms -->
                  <step title="Process dump" date="2025-06-17T05:03:01.890" exitCode="137" type="processOutput" /><!-- duration: 28ms -->
                </step><!-- duration: 401ms -->
                <step title="Error occurred" date="2025-06-17T05:03:02.221" type="error" text="
/bin/bash -c &quot;oryx build /tmp/zipdeploy/extracted -o /home/site/wwwroot --platform python --platform-version 3.11 -p virtualenv_name=antenv --log-file /tmp/build-debug.log  -i /tmp/8ddad5c37729501 --compress-destination-dir | tee /tmp/oryx-build.log ; exit $PIPESTATUS &quot;" stackTrace="   at Kudu.Core.Infrastructure.Executable.ExecuteInternal(ITracer tracer, Func`2 onWriteOutput, Func`2 onWriteError, CancellationToken token, Encoding encoding, String arguments, Object[] args) in /tmp/KuduLite/Kudu.Core/Infrastructure/Executable.cs:line 239
   at Kudu.Core.Infrastructure.Executable.ExecuteWithProgressWriter(ILogger logger, ITracer tracer, CancellationToken token, String arguments, Object[] args) in /tmp/KuduLite/Kudu.Core/Infrastructure/Executable.cs:line 118
   at Kudu.Core.Deployment.Generator.ExternalCommandBuilder.RunCommand(DeploymentContext context, String command, Boolean ignoreManifest, CancellationToken token, String message) in /tmp/KuduLite/Kudu.Core/Deployment/Generator/ExternalCommandBuilder.cs:line 115" /><!-- duration: 29ms -->
                <step title="Error occurred" date="2025-06-17T05:03:02.272" type="error" text="
/bin/bash -c &quot;oryx build /tmp/zipdeploy/extracted -o /home/site/wwwroot --platform python --platform-version 3.11 -p virtualenv_name=antenv --log-file /tmp/build-debug.log  -i /tmp/8ddad5c37729501 --compress-destination-dir | tee /tmp/oryx-build.log ; exit $PIPESTATUS &quot;" stackTrace="   at Kudu.Core.Infrastructure.Executable.ExecuteInternal(ITracer tracer, Func`2 onWriteOutput, Func`2 onWriteError, CancellationToken token, Encoding encoding, String arguments, Object[] args) in /tmp/KuduLite/Kudu.Core/Infrastructure/Executable.cs:line 239
   at Kudu.Core.Infrastructure.Executable.ExecuteWithProgressWriter(ILogger logger, ITracer tracer, CancellationToken token, String arguments, Object[] args) in /tmp/KuduLite/Kudu.Core/Infrastructure/Executable.cs:line 118
   at Kudu.Core.Deployment.Generator.ExternalCommandBuilder.RunCommand(DeploymentContext context, String command, Boolean ignoreManifest, CancellationToken token, String message) in /tmp/KuduLite/Kudu.Core/Deployment/Generator/ExternalCommandBuilder.cs:line 115
   at Kudu.Core.Deployment.Generator.OryxBuilder.RunBuildCommand(IOryxArguments args, DeploymentContext context, CancellationToken token) in /tmp/KuduLite/Kudu.Core/Deployment/Generator/OryxBuilder.cs:line 282
   at Kudu.Core.Deployment.Generator.OryxBuilder.Build(DeploymentContext context, CancellationToken token) in /tmp/KuduLite/Kudu.Core/Deployment/Generator/OryxBuilder.cs:line 119
   at Kudu.Core.Deployment.DeploymentManager.Build(ChangeSet changeSet, ITracer tracer, IDisposable deployStep, IRepository repository, DeploymentInfoBase deploymentInfo, DeploymentAnalytics deploymentAnalytics, Boolean fullBuildByDefault, CancellationToken cancellationToken) in /tmp/KuduLite/Kudu.Core/Deployment/DeploymentManager.cs:line 771" /><!-- duration: 39ms -->
                <step title="Using PythonDeploymentLogParser" date="2025-06-17T05:03:02.635" /><!-- duration: 58ms -->
