<step title="Incoming Request" date="2025-06-17T04:22:50.683" instance="594f48" url="/api/deployments/latest" method="GET" type="request" pid="770,1,23" Accept="*/*" Host="ai-event-planner-saas-py.scm.azurewebsites.net" User-Agent="AZURECLI/2.72.0 (HOMEBREW)" Accept-Encoding="gzip, deflate" Authorization="Bas..." x-ms-client-request-id="b2115a4a-4b32-11f0-86af-dca9047d6722" X-ARR-LOG-ID="b2115a4a-4b32-11f0-86af-dca9047d6722" CLIENT-IP="107.194.36.34:60079" X-SITE-DEPLOYMENT-ID="ai-event-planner-saas-py" WAS-DEFAULT-HOSTNAME="ai-event-planner-saas-py.scm.azurewebsites.net" X-Forwarded-Proto="https" X-AppService-Proto="https" X-Forwarded-TlsVersion="1.3" X-WAWS-Unencoded-URL="/api/deployments/latest" X-Client-IP="107.194.36.34" X-Client-Port="60079" >
  <step title="Cleanup Xml Logs" date="2025-06-17T04:22:50.687" /><!-- duration: 11ms -->
  <step title="DeploymentService.GetResult" date="2025-06-17T04:22:50.709" >
    <step title="DeploymentService.GetLatestDeployment" date="2025-06-17T04:22:50.715" >
      <step title="DeploymentManager.GetResults" date="2025-06-17T04:22:50.719" /><!-- duration: 351ms -->
      <step title="Deployment 9f8d55a3-ee3d-4a7d-93b1-a9b22fd9c96d is Pending" date="2025-06-17T04:22:51.078" /><!-- duration: 4ms -->
    </step><!-- duration: 371ms -->
  </step><!-- duration: 382ms -->
  <step title="Outgoing response" date="2025-06-17T04:22:51.097" type="response" statusCode="202" statusText="Accepted" /><!-- duration: 13ms -->
</step><!-- duration: 447ms -->
