<step title="Incoming Request" date="2025-06-17T04:39:47.457" instance="594f48" url="/api/zipdeploy?isAsync=true" method="POST" type="request" pid="770,1,15" Accept="*/*" Host="ai-event-planner-saas-py.scm.azurewebsites.net" User-Agent="AZURECLI/2.72.0 (HOMEBREW)" Accept-Encoding="gzip, deflate" Authorization="Bas..." Cache-Control="no-cache" Content-Type="application/octet-stream" Cookie="ARRAffinity=594f482b2f7a503f66217ddc6c24db2d4a34c0acff09b6ba35b8fadec34a5697; ARRAffinitySameSite=594f482b2f7a503f66217ddc6c24db2d4a34c0acff09b6ba35b8fadec34a5697" Content-Length="1384561" x-ms-client-request-id="1334abc2-4b35-11f0-b5cb-dca9047d6722" x-ms-artifact-checksum="47977b3e4a13ebf6f9e2d11f8aa46949a4c7920b6938b90292b8e1a08b35d4a7" X-ARR-LOG-ID="1334abc2-4b35-11f0-b5cb-dca9047d6722" CLIENT-IP="107.194.36.34:60198" X-SITE-DEPLOYMENT-ID="ai-event-planner-saas-py" WAS-DEFAULT-HOSTNAME="ai-event-planner-saas-py.scm.azurewebsites.net" X-Forwarded-Proto="https" X-AppService-Proto="https" X-Forwarded-TlsVersion="1.3" X-WAWS-Unencoded-URL="/api/zipdeploy?isAsync=true" X-Client-IP="107.194.36.34" X-Client-Port="60198" >
  <step title="ZipPushDeploy" date="2025-06-17T04:39:47.469" >
    <step title="ZipDeploy. Extract zip. Remote build." date="2025-06-17T04:39:47.481" /><!-- duration: 4ms -->
    <step title="Starting PushDeployAsync" date="2025-06-17T04:39:47.493" /><!-- duration: 4ms -->
    <step title="Writing artifact to /tmp/zipdeploy/5be7c1c7-0203-4eb7-9a1b-b3c5db0f3a03.zip" date="2025-06-17T04:39:47.514" >
      <step title="Writing multipart request body to /tmp/zipdeploy/5be7c1c7-0203-4eb7-9a1b-b3c5db0f3a03.zip" date="2025-06-17T04:39:47.518" /><!-- duration: 9ms -->
    </step><!-- duration: 289ms -->
    <step title="Removing previous build artifact&apos;s manifest file" date="2025-06-17T04:39:47.817" >
      <step title="Start deployment in the background" date="2025-06-17T04:39:47.839" >
        <step title="Acquiring Deployment Lock" date="2025-06-17T04:39:47.854" /><!-- duration: 8ms -->
        <step title="Acquired Deployment Lock" date="2025-06-17T04:39:47.895" /><!-- duration: 4ms -->
      </step><!-- duration: 282ms -->
    </step><!-- duration: 311ms -->
    <step title="Outgoing response" date="2025-06-17T04:39:48.133" type="response" statusCode="202" statusText="Accepted" /><!-- duration: 4ms -->
  </step><!-- duration: 675ms -->
