<step title="Incoming Request" date="2025-06-22T22:07:47.153" instance="594f48" url="/api/zipdeploy?isAsync=true" method="POST" type="request" pid="767,1,19" Accept="*/*" Host="ai-event-planner-saas-py.scm.azurewebsites.net" User-Agent="AZURECLI/2.72.0 (HOMEBREW)" Accept-Encoding="gzip, deflate" Authorization="Bas..." Cache-Control="no-cache" Content-Type="application/octet-stream" Cookie="ARRAffinity=594f482b2f7a503f66217ddc6c24db2d4a34c0acff09b6ba35b8fadec34a5697; ARRAffinitySameSite=594f482b2f7a503f66217ddc6c24db2d4a34c0acff09b6ba35b8fadec34a5697" Content-Length="638432" x-ms-client-request-id="4f189368-4fb5-11f0-9547-dca9047d6722" x-ms-artifact-checksum="a4f69b39c21a068068f2a48e0002e8bdbff48e5d6ca28d3d7464301837fe9ed9" X-ARR-LOG-ID="4f189368-4fb5-11f0-9547-dca9047d6722" CLIENT-IP="71.69.80.30:53687" X-SITE-DEPLOYMENT-ID="ai-event-planner-saas-py" WAS-DEFAULT-HOSTNAME="ai-event-planner-saas-py.scm.azurewebsites.net" X-Forwarded-Proto="https" X-AppService-Proto="https" X-Forwarded-TlsVersion="1.3" X-WAWS-Unencoded-URL="/api/zipdeploy?isAsync=true" X-Client-IP="71.69.80.30" X-Client-Port="53687" >
  <step title="ZipPushDeploy" date="2025-06-22T22:07:47.217" >
    <step title="ZipDeploy. Extract zip. Remote build." date="2025-06-22T22:07:47.229" /><!-- duration: 6ms -->
    <step title="Starting PushDeployAsync" date="2025-06-22T22:07:47.246" /><!-- duration: 3ms -->
    <step title="Writing artifact to /tmp/zipdeploy/79aaf71c-468e-47de-b5c3-568c6d797f38.zip" date="2025-06-22T22:07:47.269" >
      <step title="Writing multipart request body to /tmp/zipdeploy/79aaf71c-468e-47de-b5c3-568c6d797f38.zip" date="2025-06-22T22:07:47.274" /><!-- duration: 3ms -->
    </step><!-- duration: 116ms -->
    <step title="Removing previous build artifact&apos;s manifest file" date="2025-06-22T22:07:47.398" >
      <step title="Start deployment in the background" date="2025-06-22T22:07:47.413" >
        <step title="Acquiring Deployment Lock" date="2025-06-22T22:07:47.451" /><!-- duration: 11ms -->
        <step title="Acquired Deployment Lock" date="2025-06-22T22:07:47.522" /><!-- duration: 3ms -->
      </step><!-- duration: 271ms -->
    </step><!-- duration: 296ms -->
    <step title="Outgoing response" date="2025-06-22T22:07:47.708" type="response" statusCode="202" statusText="Accepted" /><!-- duration: 4ms -->
  </step><!-- duration: 497ms -->
