<step title="BackgroundTrace" date="2025-06-21T00:20:49.670" instance="594f48" url="/api/zipdeploy" method="POST" >
  <step title="Cleanup Xml Logs" date="2025-06-21T00:20:49.690" /><!-- duration: 52ms -->
  <step title="Creating temporary deployment - FetchDeploymentManager" date="2025-06-21T00:20:49.973" /><!-- duration: 18ms -->
  <step title="Creating temporary deployment" date="2025-06-21T00:20:50.031" /><!-- duration: 233ms -->
  <step title="Performing fetch based deployment" date="2025-06-21T00:20:50.576" >
    <step title="Cleaning up temp folders from previous zip deployments and extracting pushed zip file /tmp/zipdeploy/0bfa4b02-3c7a-4ae8-a799-f1ee8f02aea6.zip (0.60 MB) to /tmp/zipdeploy/extracted" date="2025-06-21T00:20:52.385" >
      <step title="ChmodRecursive Process exited with total time taken in ms: 119" date="2025-06-21T00:20:53.843" /><!-- duration: 39ms -->
    </step><!-- duration: 1527ms -->
    <step title="Deployment timer started" date="2025-06-21T00:20:56.005" >
      <step title="DeploymentManager.Deploy(id:60f742f0-478c-4cfb-ac44-650d0fc65544)" date="2025-06-21T00:20:56.106" >
        <step title="Collecting changeset information" date="2025-06-21T00:20:56.208" /><!-- duration: 1291ms -->
        <step title="Updating submodules" date="2025-06-21T00:20:57.590" /><!-- duration: 1388ms -->
        <step title="Determining deployment builder" date="2025-06-21T00:20:59.338" >
          <step title="Builder is BasicBuilder" date="2025-06-21T00:20:59.439" /><!-- duration: 9ms -->
        </step><!-- duration: 151ms -->
        <step title="PreDeployment: context.CleanOutputPath False" date="2025-06-21T00:20:59.578" >
          <step title="PreDeployment: context.OutputPath /home/site/wwwroot" date="2025-06-21T00:20:59.782" >
            <step title="Building" date="2025-06-21T00:21:00.128" >
              <step title="Generating deployment script" date="2025-06-21T00:21:01.368" >
                <step title="Using cached version of the deployment script for command: -y --no-dot-deployment -r &quot;/tmp/zipdeploy/extracted&quot; -o &quot;/home/site/deployments/tools&quot; --basic --sitePath &quot;/tmp/zipdeploy/extracted&quot;" date="2025-06-21T00:21:01.426" /><!-- duration: 4ms -->
              </step><!-- duration: 91ms -->
              <step title="Executing external process" date="2025-06-21T00:21:01.908" type="process" path="starter.sh" arguments="&quot;/home/site/deployments/tools/deploy.sh&quot;" >
                <step title="Error occurred" date="2025-06-21T00:21:06.757" type="error" text="Deployment has been stopped due to SCM container restart. The restart can happen due to a management operation on site. Do not perform a management operation and a deployment operation in quick succession. Adding a small delay can help avoid any conflicts." /><!-- duration: 63ms -->
                <step title="Killing external process" date="2025-06-21T00:21:06.849" >
                  <step title="Abort Process &apos;node(66519)&apos;." date="2025-06-21T00:21:07.270" /><!-- duration: 11ms -->
                  <step title="Process dump" date="2025-06-21T00:21:07.462" exitCode="1" type="processOutput" /><!-- duration: 46ms -->
                </step><!-- duration: 664ms -->
                <step title="Error occurred" date="2025-06-21T00:21:07.553" type="error" text="/home/site/deployments/tools/deploy.sh: line 82: 66519 Killed                  &quot;$KUDU_SYNC_CMD&quot; -v 50 $IGNORE_MANIFEST_PARAM -f &quot;$DEPLOYMENT_SOURCE&quot; -t &quot;$DEPLOYMENT_TARGET&quot; -n &quot;$NEXT_MANIFEST_PATH&quot; -p &quot;$PREVIOUS_MANIFEST_PATH&quot; -i &quot;.git;.hg;.deployment;deploy.sh&quot;
/opt/Kudu/Scripts/starter.sh &quot;/home/site/deployments/tools/deploy.sh&quot;" stackTrace="   at Kudu.Core.Infrastructure.Executable.ExecuteInternal(ITracer tracer, Func`2 onWriteOutput, Func`2 onWriteError, CancellationToken token, Encoding encoding, String arguments, Object[] args) in /tmp/KuduLite/Kudu.Core/Infrastructure/Executable.cs:line 239
   at Kudu.Core.Infrastructure.Executable.ExecuteWithProgressWriter(ILogger logger, ITracer tracer, CancellationToken token, String arguments, Object[] args) in /tmp/KuduLite/Kudu.Core/Infrastructure/Executable.cs:line 118
   at Kudu.Core.Deployment.Generator.ExternalCommandBuilder.RunCommand(DeploymentContext context, String command, Boolean ignoreManifest, CancellationToken token, String message) in /tmp/KuduLite/Kudu.Core/Deployment/Generator/ExternalCommandBuilder.cs:line 115" /><!-- duration: 20ms -->
                <step title="Error occurred" date="2025-06-21T00:21:07.644" type="error" text="/home/site/deployments/tools/deploy.sh: line 82: 66519 Killed                  &quot;$KUDU_SYNC_CMD&quot; -v 50 $IGNORE_MANIFEST_PARAM -f &quot;$DEPLOYMENT_SOURCE&quot; -t &quot;$DEPLOYMENT_TARGET&quot; -n &quot;$NEXT_MANIFEST_PATH&quot; -p &quot;$PREVIOUS_MANIFEST_PATH&quot; -i &quot;.git;.hg;.deployment;deploy.sh&quot;
/opt/Kudu/Scripts/starter.sh &quot;/home/site/deployments/tools/deploy.sh&quot;" stackTrace="   at Kudu.Core.Infrastructure.Executable.ExecuteInternal(ITracer tracer, Func`2 onWriteOutput, Func`2 onWriteError, CancellationToken token, Encoding encoding, String arguments, Object[] args) in /tmp/KuduLite/Kudu.Core/Infrastructure/Executable.cs:line 239
   at Kudu.Core.Infrastructure.Executable.ExecuteWithProgressWriter(ILogger logger, ITracer tracer, CancellationToken token, String arguments, Object[] args) in /tmp/KuduLite/Kudu.Core/Infrastructure/Executable.cs:line 118
   at Kudu.Core.Deployment.Generator.ExternalCommandBuilder.RunCommand(DeploymentContext context, String command, Boolean ignoreManifest, CancellationToken token, String message) in /tmp/KuduLite/Kudu.Core/Deployment/Generator/ExternalCommandBuilder.cs:line 115
   at Kudu.Core.Deployment.Generator.GeneratorSiteBuilder.Build(DeploymentContext context, CancellationToken token) in /tmp/KuduLite/Kudu.Core/Deployment/Generator/GeneratorSiteBuilder.cs:line 82
--- End of stack trace from previous location ---
   at Kudu.Core.Deployment.DeploymentManager.Build(ChangeSet changeSet, ITracer tracer, IDisposable deployStep, IRepository repository, DeploymentInfoBase deploymentInfo, DeploymentAnalytics deploymentAnalytics, Boolean fullBuildByDefault, CancellationToken cancellationToken) in /tmp/KuduLite/Kudu.Core/Deployment/DeploymentManager.cs:line 771" /><!-- duration: 10ms -->
