<step title="Incoming Request" date="2025-06-24T12:55:25.617" instance="594f48" url="/api/deployments/latest" method="GET" type="request" pid="776,1,20" Accept="*/*" Host="ai-event-planner-saas-py.scm.azurewebsites.net" User-Agent="AZURECLI/2.72.0 (HOMEBREW)" Accept-Encoding="gzip, deflate" Authorization="Bas..." x-ms-client-request-id="754654d0-50fa-11f0-8e65-dca9047d6722" X-ARR-LOG-ID="754654d0-50fa-11f0-8e65-dca9047d6722" CLIENT-IP="107.194.36.34:58383" X-SITE-DEPLOYMENT-ID="ai-event-planner-saas-py" WAS-DEFAULT-HOSTNAME="ai-event-planner-saas-py.scm.azurewebsites.net" X-Forwarded-Proto="https" X-AppService-Proto="https" X-Forwarded-TlsVersion="1.3" X-WAWS-Unencoded-URL="/api/deployments/latest" X-Client-IP="107.194.36.34" X-Client-Port="58383" >
  <step title="Cleanup Xml Logs" date="2025-06-24T12:55:25.622" >
    <step title="Cleanup Infos" date="2025-06-24T12:55:25.642" totalFiles="338" totalCleanup="178" /><!-- duration: 5ms -->
  </step><!-- duration: 28ms -->
  <step title="DeploymentService.GetResult" date="2025-06-24T12:55:25.678" >
    <step title="DeploymentService.GetLatestDeployment" date="2025-06-24T12:55:25.681" >
      <step title="DeploymentManager.GetResults" date="2025-06-24T12:55:25.685" /><!-- duration: 716ms -->
    </step><!-- duration: 732ms -->
  </step><!-- duration: 758ms -->
  <step title="Outgoing response" date="2025-06-24T12:55:26.443" type="response" statusCode="202" statusText="Accepted" /><!-- duration: 25ms -->
</step><!-- duration: 856ms -->
