<step title="Incoming Request" date="2025-06-24T12:12:10.799" instance="594f48" url="/api/zipdeploy?isAsync=true" method="POST" type="request" pid="772,1,16" Accept="*/*" Host="ai-event-planner-saas-py.scm.azurewebsites.net" User-Agent="AZURECLI/2.72.0 (HOMEBREW)" Accept-Encoding="gzip, deflate" Authorization="Bas..." Cache-Control="no-cache" Content-Type="application/octet-stream" Cookie="ARRAffinity=594f482b2f7a503f66217ddc6c24db2d4a34c0acff09b6ba35b8fadec34a5697; ARRAffinitySameSite=594f482b2f7a503f66217ddc6c24db2d4a34c0acff09b6ba35b8fadec34a5697" Content-Length="638599" x-ms-client-request-id="6ccc602a-50f4-11f0-96b2-dca9047d6722" x-ms-artifact-checksum="7ea14aec1e209e64adfcca2e5ea86ddbeb10a245aa515e92b1c7ebbc56f01fdf" X-ARR-LOG-ID="6ccc602a-50f4-11f0-96b2-dca9047d6722" CLIENT-IP="107.194.36.34:58094" X-SITE-DEPLOYMENT-ID="ai-event-planner-saas-py" WAS-DEFAULT-HOSTNAME="ai-event-planner-saas-py.scm.azurewebsites.net" X-Forwarded-Proto="https" X-AppService-Proto="https" X-Forwarded-TlsVersion="1.3" X-WAWS-Unencoded-URL="/api/zipdeploy?isAsync=true" X-Client-IP="107.194.36.34" X-Client-Port="58094" >
  <step title="Cleanup Xml Logs" date="2025-06-24T12:12:10.804" >
    <step title="Cleanup Infos" date="2025-06-24T12:12:10.855" totalFiles="329" totalCleanup="169" /><!-- duration: 5ms -->
  </step><!-- duration: 59ms -->
  <step title="ZipPushDeploy" date="2025-06-24T12:12:11.003" >
    <step title="ZipDeploy. Extract zip. Remote build." date="2025-06-24T12:12:11.052" /><!-- duration: 28ms -->
    <step title="None repository commit" date="2025-06-24T12:12:11.134" >
      <step title="Commit id: 3d975ceb-310a-43d6-8991-be363f689d8e" date="2025-06-24T12:12:11.154" Message="N/A" AuthorName="N/A" AuthorEmail="N/A" /><!-- duration: 17ms -->
    </step><!-- duration: 48ms -->
    <step title="Starting PushDeployAsync" date="2025-06-24T12:12:11.194" /><!-- duration: 18ms -->
    <step title="Writing artifact to /tmp/zipdeploy/53d3d930-ba87-4f1d-8e76-e8c40e8b9df4.zip" date="2025-06-24T12:12:11.345" >
      <step title="Writing multipart request body to /tmp/zipdeploy/53d3d930-ba87-4f1d-8e76-e8c40e8b9df4.zip" date="2025-06-24T12:12:11.464" /><!-- duration: 12ms -->
    </step><!-- duration: 299ms -->
    <step title="Start deployment in the background" date="2025-06-24T12:12:11.697" >
      <step title="Acquiring Deployment Lock" date="2025-06-24T12:12:11.827" /><!-- duration: 122ms -->
      <step title="Acquired Deployment Lock" date="2025-06-24T12:12:12.168" /><!-- duration: 9ms -->
    </step><!-- duration: 782ms -->
  </step><!-- duration: 1516ms -->
  <step title="Outgoing response" date="2025-06-24T12:12:12.570" type="response" statusCode="202" statusText="Accepted" /><!-- duration: 10ms -->
</step><!-- duration: 1793ms -->
