<step title="Incoming Request" date="2025-06-26T22:18:43.797" instance="594f48" url="/api/deployments/latest" method="GET" type="request" pid="774,1,19" Accept="*/*" Host="ai-event-planner-saas-py.scm.azurewebsites.net" User-Agent="AZURECLI/2.72.0 (HOMEBREW)" Accept-Encoding="gzip, deflate" Authorization="Bas..." x-ms-client-request-id="79b6aed8-52db-11f0-a333-dca9047d6722" X-ARR-LOG-ID="79b6aed8-52db-11f0-a333-dca9047d6722" CLIENT-IP="173.214.130.139:62029" X-SITE-DEPLOYMENT-ID="ai-event-planner-saas-py" WAS-DEFAULT-HOSTNAME="ai-event-planner-saas-py.scm.azurewebsites.net" X-Forwarded-Proto="https" X-AppService-Proto="https" X-Forwarded-TlsVersion="1.3" X-WAWS-Unencoded-URL="/api/deployments/latest" X-Client-IP="173.214.130.139" X-Client-Port="62029" >
  <step title="Cleanup Xml Logs" date="2025-06-26T22:18:43.839" >
    <step title="Cleanup Infos" date="2025-06-26T22:18:43.929" totalFiles="382" totalCleanup="222" /><!-- duration: 20ms -->
  </step><!-- duration: 169ms -->
  <step title="DeploymentService.GetResult" date="2025-06-26T22:18:44.533" >
    <step title="DeploymentService.GetLatestDeployment" date="2025-06-26T22:18:44.552" >
      <step title="DeploymentManager.GetResults" date="2025-06-26T22:18:44.602" /><!-- duration: 1887ms -->
    </step><!-- duration: 1996ms -->
  </step><!-- duration: 2055ms -->
  <step title="Outgoing response" date="2025-06-26T22:18:46.637" type="response" statusCode="202" statusText="Accepted" /><!-- duration: 41ms -->
</step><!-- duration: 2893ms -->
