<step title="Incoming Request" date="2025-06-22T22:20:43.107" instance="594f48" url="/api/deployments/latest" method="GET" type="request" pid="772,1,5" Accept="*/*" Host="ai-event-planner-saas-py.scm.azurewebsites.net" User-Agent="AZURECLI/2.72.0 (HOMEBREW)" Accept-Encoding="gzip, deflate" Authorization="Bas..." x-ms-client-request-id="fec96d5e-4fb6-11f0-9481-dca9047d6722" X-ARR-LOG-ID="fec96d5e-4fb6-11f0-9481-dca9047d6722" CLIENT-IP="71.69.80.30:53818" X-SITE-DEPLOYMENT-ID="ai-event-planner-saas-py" WAS-DEFAULT-HOSTNAME="ai-event-planner-saas-py.scm.azurewebsites.net" X-Forwarded-Proto="https" X-AppService-Proto="https" X-Forwarded-TlsVersion="1.3" X-WAWS-Unencoded-URL="/api/deployments/latest" X-Client-IP="71.69.80.30" X-Client-Port="53818" >
  <step title="Cleanup Xml Logs" date="2025-06-22T22:20:43.126" >
    <step title="Cleanup Infos" date="2025-06-22T22:20:43.198" totalFiles="297" totalCleanup="137" /><!-- duration: 11ms -->
  </step><!-- duration: 93ms -->
  <step title="DeploymentService.GetResult" date="2025-06-22T22:20:43.243" >
    <step title="DeploymentService.GetLatestDeployment" date="2025-06-22T22:20:43.246" >
      <step title="DeploymentManager.GetResults" date="2025-06-22T22:20:43.252" /><!-- duration: 624ms -->
    </step><!-- duration: 634ms -->
  </step><!-- duration: 642ms -->
  <step title="Outgoing response" date="2025-06-22T22:20:43.892" type="response" statusCode="202" statusText="Accepted" /><!-- duration: 3ms -->
</step><!-- duration: 791ms -->
