<step title="Incoming Request" date="2025-06-21T01:01:15.900" instance="594f48" url="/api/deployments/latest" method="GET" type="request" pid="775,1,23" Accept="*/*" Host="ai-event-planner-saas-py.scm.azurewebsites.net" User-Agent="AZURECLI/2.72.0 (HOMEBREW)" Accept-Encoding="gzip, deflate" Authorization="Bas..." x-ms-client-request-id="271d07de-4e3b-11f0-bd52-dca9047d6722" X-ARR-LOG-ID="271d07de-4e3b-11f0-bd52-dca9047d6722" CLIENT-IP="107.194.36.34:49212" X-SITE-DEPLOYMENT-ID="ai-event-planner-saas-py" WAS-DEFAULT-HOSTNAME="ai-event-planner-saas-py.scm.azurewebsites.net" X-Forwarded-Proto="https" X-AppService-Proto="https" X-Forwarded-TlsVersion="1.3" X-WAWS-Unencoded-URL="/api/deployments/latest" X-Client-IP="107.194.36.34" X-Client-Port="49212" >
  <step title="Cleanup Xml Logs" date="2025-06-21T01:01:15.990" >
    <step title="Cleanup Infos" date="2025-06-21T01:01:16.110" totalFiles="218" totalCleanup="58" /><!-- duration: 11ms -->
  </step><!-- duration: 163ms -->
  <step title="DeploymentService.GetResult" date="2025-06-21T01:01:16.221" >
    <step title="DeploymentService.GetLatestDeployment" date="2025-06-21T01:01:16.260" >
      <step title="DeploymentManager.GetResults" date="2025-06-21T01:01:16.323" /><!-- duration: 8474ms -->
    </step><!-- duration: 8718ms -->
  </step><!-- duration: 8788ms -->
  <step title="Outgoing response" date="2025-06-21T01:01:25.142" type="response" statusCode="202" statusText="Accepted" /><!-- duration: 68ms -->
</step><!-- duration: 9370ms -->
