<step title="BackgroundTrace" date="2025-06-17T04:09:27.833" instance="594f48" url="/api/zipdeploy" method="POST" >
  <step title="Creating temporary deployment - FetchDeploymentManager" date="2025-06-17T04:09:27.917" /><!-- duration: 4ms -->
  <step title="Creating temporary deployment" date="2025-06-17T04:09:27.929" /><!-- duration: 86ms -->
  <step title="Performing fetch based deployment" date="2025-06-17T04:09:28.049" >
    <step title="Cleaning up temp folders from previous zip deployments and extracting pushed zip file /tmp/zipdeploy/e27a8d76-152f-4064-896d-164c86f459d0.zip (0.15 MB) to /tmp/zipdeploy/extracted" date="2025-06-17T04:09:29.227" >
      <step title="ChmodRecursive Process exited with total time taken in ms: 80" date="2025-06-17T04:09:29.392" /><!-- duration: 10ms -->
    </step><!-- duration: 179ms -->
    <step title="Deployment timer started" date="2025-06-17T04:09:31.426" >
      <step title="DeploymentManager.Deploy(id:b56e166b-8b92-4adb-9645-32f12513d974)" date="2025-06-17T04:09:31.441" >
        <step title="Collecting changeset information" date="2025-06-17T04:09:31.489" /><!-- duration: 95ms -->
        <step title="Updating submodules" date="2025-06-17T04:09:31.592" /><!-- duration: 1146ms -->
        <step title="Determining deployment builder" date="2025-06-17T04:09:33.001" >
          <step title="Builder is OryxBuilder" date="2025-06-17T04:09:33.026" /><!-- duration: 4ms -->
        </step><!-- duration: 33ms -->
        <step title="PreDeployment: context.CleanOutputPath False" date="2025-06-17T04:09:33.135" >
          <step title="PreDeployment: context.OutputPath /home/site/wwwroot" date="2025-06-17T04:09:33.250" >
            <step title="Building" date="2025-06-17T04:09:33.430" >
              <step title="Executing external process" date="2025-06-17T04:09:34.263" type="process" path="bash" arguments="-c &quot;oryx build /tmp/zipdeploy/extracted -o /home/site/wwwroot --platform python --platform-version 3.11 -p virtualenv_name=antenv --log-file /tmp/build-debug.log  -i /tmp/8ddad54c3ce7bf8 --compress-destination-dir | tee /tmp/oryx-build.log ; exit $PIPESTATUS &quot;" /><!-- duration: 57338ms -->
              <step title="Using PythonDeploymentLogParser" date="2025-06-17T04:10:31.974" /><!-- duration: 9ms -->
              <step title="Triggering recycle (preview mode disabled)." date="2025-06-17T04:10:33.091" /><!-- duration: 13ms -->
              <step title="Modified file to trigger a restart of the app container." date="2025-06-17T04:10:33.143" /><!-- duration: 4ms -->
              <step title="Skip function trigger and logicapp sync because function is not enabled." date="2025-06-17T04:10:33.153" /><!-- duration: 6ms -->
            </step><!-- duration: 60581ms -->
          </step><!-- duration: 60773ms -->
          <step title="Cleaning up temp files" date="2025-06-17T04:10:34.029" /><!-- duration: 1857ms -->
          <step title="Cleaning up temp files" date="2025-06-17T04:10:35.894" /><!-- duration: 507ms -->
          <step title="Reloading status file with latest updates" date="2025-06-17T04:10:36.434" >
            <step title="WebHooksManager.PublishEventAsync: PostDeployment" date="2025-06-17T04:10:36.451" /><!-- duration: 45ms -->
          </step><!-- duration: 67ms -->
          <step title="Cleaning up temporary deployment - fetch deployment was successful" date="2025-06-17T04:10:36.510" /><!-- duration: 4ms -->
        </step><!-- duration: 63434ms -->
      </step><!-- duration: 65150ms -->
