<step title="Incoming Request" date="2025-06-16T00:47:27.127" instance="594f48" url="/api/zipdeploy?isAsync=true" method="POST" type="request" pid="767,1,17" Accept="*/*" Host="ai-event-planner-saas-py.scm.azurewebsites.net" User-Agent="AZURECLI/2.72.0 (HOMEBREW)" Accept-Encoding="gzip, deflate" Authorization="Bas..." Cache-Control="no-cache" Content-Type="application/octet-stream" Cookie="ARRAffinity=594f482b2f7a503f66217ddc6c24db2d4a34c0acff09b6ba35b8fadec34a5697; ARRAffinitySameSite=594f482b2f7a503f66217ddc6c24db2d4a34c0acff09b6ba35b8fadec34a5697" Content-Length="1383986" x-ms-client-request-id="70fe479e-4a4b-11f0-95d9-dca9047d6722" x-ms-artifact-checksum="859c71483e8eeae87967354b1969bf435c80599bf0147b45668c4bec416ed507" X-ARR-LOG-ID="70fe479e-4a4b-11f0-95d9-dca9047d6722" CLIENT-IP="107.194.36.34:57998" X-SITE-DEPLOYMENT-ID="ai-event-planner-saas-py" WAS-DEFAULT-HOSTNAME="ai-event-planner-saas-py.scm.azurewebsites.net" X-Forwarded-Proto="https" X-AppService-Proto="https" X-Forwarded-TlsVersion="1.3" X-WAWS-Unencoded-URL="/api/zipdeploy?isAsync=true" X-Client-IP="107.194.36.34" X-Client-Port="57998" >
  <step title="ZipPushDeploy" date="2025-06-16T00:47:27.196" >
    <step title="ZipDeploy. Extract zip. Remote build." date="2025-06-16T00:47:27.210" /><!-- duration: 4ms -->
    <step title="None repository commit" date="2025-06-16T00:47:27.224" >
      <step title="Commit id: 23907134-fd83-4267-bdd9-b54a50d0b731" date="2025-06-16T00:47:27.228" Message="N/A" AuthorName="N/A" AuthorEmail="N/A" /><!-- duration: 4ms -->
    </step><!-- duration: 12ms -->
    <step title="Starting PushDeployAsync" date="2025-06-16T00:47:27.240" /><!-- duration: 4ms -->
    <step title="Writing artifact to /tmp/zipdeploy/2d1e7f77-6924-490d-99f3-b6125dd9d410.zip" date="2025-06-16T00:47:27.266" >
      <step title="Writing multipart request body to /tmp/zipdeploy/2d1e7f77-6924-490d-99f3-b6125dd9d410.zip" date="2025-06-16T00:47:27.296" /><!-- duration: 4ms -->
    </step><!-- duration: 914ms -->
    <step title="Start deployment in the background" date="2025-06-16T00:47:28.198" >
      <step title="Acquiring Deployment Lock" date="2025-06-16T00:47:28.232" /><!-- duration: 11ms -->
      <step title="Acquired Deployment Lock" date="2025-06-16T00:47:28.300" /><!-- duration: 7ms -->
    </step><!-- duration: 236ms -->
  </step><!-- duration: 1256ms -->
  <step title="Outgoing response" date="2025-06-16T00:47:28.464" type="response" statusCode="202" statusText="Accepted" /><!-- duration: 4ms -->
</step><!-- duration: 1346ms -->
