<step title="Incoming Request" date="2025-06-17T05:02:43.653" instance="594f48" url="/api/zipdeploy?isAsync=true" method="POST" type="request" pid="770,1,36" Accept="*/*" Host="ai-event-planner-saas-py.scm.azurewebsites.net" User-Agent="AZURECLI/2.72.0 (HOMEBREW)" Accept-Encoding="gzip, deflate" Authorization="Bas..." Cache-Control="no-cache" Content-Type="application/octet-stream" Cookie="ARRAffinity=594f482b2f7a503f66217ddc6c24db2d4a34c0acff09b6ba35b8fadec34a5697; ARRAffinitySameSite=594f482b2f7a503f66217ddc6c24db2d4a34c0acff09b6ba35b8fadec34a5697" Content-Length="1384522" x-ms-client-request-id="46aba782-4b38-11f0-9a38-dca9047d6722" x-ms-artifact-checksum="7102edf565db6cdcc53607c5a913c07acc60b4d7011e15c94feb69e51f18b41f" X-ARR-LOG-ID="46aba782-4b38-11f0-9a38-dca9047d6722" CLIENT-IP="107.194.36.34:60416" X-SITE-DEPLOYMENT-ID="ai-event-planner-saas-py" WAS-DEFAULT-HOSTNAME="ai-event-planner-saas-py.scm.azurewebsites.net" X-Forwarded-Proto="https" X-AppService-Proto="https" X-Forwarded-TlsVersion="1.3" X-WAWS-Unencoded-URL="/api/zipdeploy?isAsync=true" X-Client-IP="107.194.36.34" X-Client-Port="60416" >
  <step title="ZipPushDeploy" date="2025-06-17T05:02:43.865" >
    <step title="ZipDeploy. Extract zip. Remote build." date="2025-06-17T05:02:43.906" /><!-- duration: 18ms -->
    <step title="Starting PushDeployAsync" date="2025-06-17T05:02:43.955" /><!-- duration: 19ms -->
    <step title="Writing artifact to /tmp/zipdeploy/d0df914e-2d8c-4b30-b0fd-80534ba4159b.zip" date="2025-06-17T05:02:44.025" >
      <step title="Writing multipart request body to /tmp/zipdeploy/d0df914e-2d8c-4b30-b0fd-80534ba4159b.zip" date="2025-06-17T05:02:44.054" /><!-- duration: 32ms -->
    </step><!-- duration: 464ms -->
    <step title="Removing previous build artifact&apos;s manifest file" date="2025-06-17T05:02:44.539" >
      <step title="Start deployment in the background" date="2025-06-17T05:02:44.612" >
        <step title="Acquiring Deployment Lock" date="2025-06-17T05:02:44.732" /><!-- duration: 18ms -->
        <step title="Acquired Deployment Lock" date="2025-06-17T05:02:44.851" /><!-- duration: 11ms -->
      </step><!-- duration: 511ms -->
    </step><!-- duration: 605ms -->
    <step title="Outgoing response" date="2025-06-17T05:02:45.163" type="response" statusCode="202" statusText="Accepted" /><!-- duration: 12ms -->
  </step><!-- duration: 1320ms -->
