<step title="Incoming Request" date="2025-06-22T12:44:34.762" instance="594f48" url="/api/zipdeploy?isAsync=true" method="POST" type="request" pid="772,1,15" Accept="*/*" Host="ai-event-planner-saas-py.scm.azurewebsites.net" User-Agent="AZURECLI/2.72.0 (HOMEBREW)" Accept-Encoding="gzip, deflate" Authorization="Bas..." Cache-Control="no-cache" Content-Type="application/octet-stream" Cookie="ARRAffinity=594f482b2f7a503f66217ddc6c24db2d4a34c0acff09b6ba35b8fadec34a5697; ARRAffinitySameSite=594f482b2f7a503f66217ddc6c24db2d4a34c0acff09b6ba35b8fadec34a5697" Content-Length="2944" x-ms-client-request-id="9f2abb82-4f66-11f0-9456-dca9047d6722" x-ms-artifact-checksum="e77e1af17df76f717540ffdb34bdbe1f66cdb5df648ba9e46f25ba06c1d51175" X-ARR-LOG-ID="9f2abb82-4f66-11f0-9456-dca9047d6722" CLIENT-IP="107.194.36.34:52970" X-SITE-DEPLOYMENT-ID="ai-event-planner-saas-py" WAS-DEFAULT-HOSTNAME="ai-event-planner-saas-py.scm.azurewebsites.net" X-Forwarded-Proto="https" X-AppService-Proto="https" X-Forwarded-TlsVersion="1.3" X-WAWS-Unencoded-URL="/api/zipdeploy?isAsync=true" X-Client-IP="107.194.36.34" X-Client-Port="52970" >
  <step title="ZipPushDeploy" date="2025-06-22T12:44:34.824" >
    <step title="ZipDeploy. Extract zip. Remote build." date="2025-06-22T12:44:34.840" /><!-- duration: 3ms -->
    <step title="None repository commit" date="2025-06-22T12:44:34.852" >
      <step title="Commit id: 99066bf1-ba29-4901-8ac8-ac1950756eca" date="2025-06-22T12:44:34.855" Message="N/A" AuthorName="N/A" AuthorEmail="N/A" /><!-- duration: 4ms -->
    </step><!-- duration: 12ms -->
    <step title="Starting PushDeployAsync" date="2025-06-22T12:44:34.868" /><!-- duration: 4ms -->
    <step title="Writing artifact to /tmp/zipdeploy/ed37d63b-c61a-452f-a0ca-cd205c6d4c99.zip" date="2025-06-22T12:44:34.901" >
      <step title="Writing multipart request body to /tmp/zipdeploy/ed37d63b-c61a-452f-a0ca-cd205c6d4c99.zip" date="2025-06-22T12:44:34.921" /><!-- duration: 14ms -->
    </step><!-- duration: 147ms -->
    <step title="Removing previous build artifact&apos;s manifest file" date="2025-06-22T12:44:35.077" >
      <step title="Start deployment in the background" date="2025-06-22T12:44:35.101" >
        <step title="Acquiring Deployment Lock" date="2025-06-22T12:44:35.132" /><!-- duration: 4ms -->
        <step title="Acquired Deployment Lock" date="2025-06-22T12:44:35.198" /><!-- duration: 4ms -->
      </step><!-- duration: 223ms -->
    </step><!-- duration: 255ms -->
    <step title="Outgoing response" date="2025-06-22T12:44:35.354" type="response" statusCode="202" statusText="Accepted" /><!-- duration: 7ms -->
  </step><!-- duration: 543ms -->
