<step title="Incoming Request" date="2025-06-24T12:12:24.640" instance="594f48" url="/api/deployments/latest" method="GET" type="request" pid="772,1,18" Accept="*/*" Host="ai-event-planner-saas-py.scm.azurewebsites.net" User-Agent="AZURECLI/2.72.0 (HOMEBREW)" Accept-Encoding="gzip, deflate" Authorization="Bas..." x-ms-client-request-id="6ccc602a-50f4-11f0-96b2-dca9047d6722" X-ARR-LOG-ID="6ccc602a-50f4-11f0-96b2-dca9047d6722" CLIENT-IP="107.194.36.34:58100" X-SITE-DEPLOYMENT-ID="ai-event-planner-saas-py" WAS-DEFAULT-HOSTNAME="ai-event-planner-saas-py.scm.azurewebsites.net" X-Forwarded-Proto="https" X-AppService-Proto="https" X-Forwarded-TlsVersion="1.3" X-WAWS-Unencoded-URL="/api/deployments/latest" X-Client-IP="107.194.36.34" X-Client-Port="58100" >
  <step title="Cleanup Xml Logs" date="2025-06-24T12:12:24.672" >
    <step title="Cleanup Infos" date="2025-06-24T12:12:25.013" totalFiles="332" totalCleanup="172" /><!-- duration: 90ms -->
  </step><!-- duration: 511ms -->
  <step title="DeploymentService.GetResult" date="2025-06-24T12:12:26.491" >
    <step title="DeploymentService.GetLatestDeployment" date="2025-06-24T12:12:26.783" >
      <step title="DeploymentManager.GetResults" date="2025-06-24T12:12:26.813" /><!-- duration: 9513ms -->
    </step><!-- duration: 9664ms -->
  </step><!-- duration: 10106ms -->
  <step title="Outgoing response" date="2025-06-24T12:12:36.618" type="response" statusCode="202" statusText="Accepted" /><!-- duration: 130ms -->
</step><!-- duration: 12250ms -->
