<step title="Incoming Request" date="2025-06-26T22:14:23.933" instance="594f48" url="/api/deployments/latest" method="GET" type="request" pid="776,1,36" Accept="*/*" Host="ai-event-planner-saas-py.scm.azurewebsites.net" User-Agent="AZURECLI/2.72.0 (HOMEBREW)" Accept-Encoding="gzip, deflate" Authorization="Bas..." x-ms-client-request-id="e02f7128-52da-11f0-a17d-dca9047d6722" X-ARR-LOG-ID="e02f7128-52da-11f0-a17d-dca9047d6722" CLIENT-IP="173.214.130.139:61933" X-SITE-DEPLOYMENT-ID="ai-event-planner-saas-py" WAS-DEFAULT-HOSTNAME="ai-event-planner-saas-py.scm.azurewebsites.net" X-Forwarded-Proto="https" X-AppService-Proto="https" X-Forwarded-TlsVersion="1.3" X-WAWS-Unencoded-URL="/api/deployments/latest" X-Client-IP="173.214.130.139" X-Client-Port="61933" >
  <step title="Cleanup Xml Logs" date="2025-06-26T22:14:23.964" >
    <step title="Cleanup Infos" date="2025-06-26T22:14:24.194" totalFiles="373" totalCleanup="213" /><!-- duration: 10ms -->
  </step><!-- duration: 252ms -->
  <step title="DeploymentService.GetResult" date="2025-06-26T22:14:24.367" >
    <step title="DeploymentService.GetLatestDeployment" date="2025-06-26T22:14:24.398" >
      <step title="DeploymentManager.GetResults" date="2025-06-26T22:14:24.436" /><!-- duration: 4285ms -->
    </step><!-- duration: 4577ms -->
  </step><!-- duration: 4707ms -->
  <step title="Outgoing response" date="2025-06-26T22:14:29.234" type="response" statusCode="202" statusText="Accepted" /><!-- duration: 62ms -->
</step><!-- duration: 5442ms -->
