<step title="Incoming Request" date="2025-06-17T03:52:30.356" instance="594f48" url="/api/deployments/latest" method="GET" type="request" pid="770,1,19" Accept="*/*" Host="ai-event-planner-saas-py.scm.azurewebsites.net" User-Agent="AZURECLI/2.72.0 (HOMEBREW)" Accept-Encoding="gzip, deflate" Authorization="Bas..." x-ms-client-request-id="7453518a-4b2e-11f0-b20c-dca9047d6722" X-ARR-LOG-ID="7453518a-4b2e-11f0-b20c-dca9047d6722" CLIENT-IP="107.194.36.34:59862" X-SITE-DEPLOYMENT-ID="ai-event-planner-saas-py" WAS-DEFAULT-HOSTNAME="ai-event-planner-saas-py.scm.azurewebsites.net" X-Forwarded-Proto="https" X-AppService-Proto="https" X-Forwarded-TlsVersion="1.3" X-WAWS-Unencoded-URL="/api/deployments/latest" X-Client-IP="107.194.36.34" X-Client-Port="59862" >
  <step title="Cleanup Xml Logs" date="2025-06-17T03:52:30.379" /><!-- duration: 26ms -->
  <step title="DeploymentService.GetResult" date="2025-06-17T03:52:30.431" >
    <step title="DeploymentService.GetLatestDeployment" date="2025-06-17T03:52:30.435" >
      <step title="DeploymentManager.GetResults" date="2025-06-17T03:52:30.439" /><!-- duration: 692ms -->
      <step title="Deployment 43832850-476d-46b7-bfde-69594bcfb856 is Building" date="2025-06-17T03:52:31.141" /><!-- duration: 10ms -->
    </step><!-- duration: 726ms -->
  </step><!-- duration: 734ms -->
  <step title="Outgoing response" date="2025-06-17T03:52:31.173" type="response" statusCode="202" statusText="Accepted" /><!-- duration: 17ms -->
</step><!-- duration: 837ms -->
