<step title="Incoming Request" date="2025-06-17T03:46:27.834" instance="594f48" url="/api/deployments/latest" method="GET" type="request" pid="767,1,53" Accept="*/*" Host="ai-event-planner-saas-py.scm.azurewebsites.net" User-Agent="AZURECLI/2.72.0 (HOMEBREW)" Accept-Encoding="gzip, deflate" Authorization="Bas..." x-ms-client-request-id="9a1e407e-4b2d-11f0-bf18-dca9047d6722" X-ARR-LOG-ID="9a1e407e-4b2d-11f0-bf18-dca9047d6722" CLIENT-IP="107.194.36.34:59805" X-SITE-DEPLOYMENT-ID="ai-event-planner-saas-py" WAS-DEFAULT-HOSTNAME="ai-event-planner-saas-py.scm.azurewebsites.net" X-Forwarded-Proto="https" X-AppService-Proto="https" X-Forwarded-TlsVersion="1.3" X-WAWS-Unencoded-URL="/api/deployments/latest" X-Client-IP="107.194.36.34" X-Client-Port="59805" >
  <step title="Cleanup Xml Logs" date="2025-06-17T03:46:27.873" /><!-- duration: 41ms -->
  <step title="DeploymentService.GetResult" date="2025-06-17T03:46:28.036" >
    <step title="DeploymentService.GetLatestDeployment" date="2025-06-17T03:46:28.055" >
      <step title="DeploymentManager.GetResults" date="2025-06-17T03:46:28.105" /><!-- duration: 1540ms -->
      <step title="Deployment temp-0e216969 is Pending" date="2025-06-17T03:46:29.684" /><!-- duration: 12ms -->
    </step><!-- duration: 1660ms -->
  </step><!-- duration: 1691ms -->
  <step title="Outgoing response" date="2025-06-17T03:46:29.767" type="response" statusCode="202" statusText="Accepted" /><!-- duration: 20ms -->
</step><!-- duration: 2002ms -->
