<step title="Incoming Request" date="2025-06-17T04:09:32.714" instance="594f48" url="/api/deployments/latest" method="GET" type="request" pid="770,1,19" Accept="*/*" Host="ai-event-planner-saas-py.scm.azurewebsites.net" User-Agent="AZURECLI/2.72.0 (HOMEBREW)" Accept-Encoding="gzip, deflate" Authorization="Bas..." x-ms-client-request-id="d6c4a09c-4b30-11f0-a9db-dca9047d6722" X-ARR-LOG-ID="d6c4a09c-4b30-11f0-a9db-dca9047d6722" CLIENT-IP="107.194.36.34:59982" X-SITE-DEPLOYMENT-ID="ai-event-planner-saas-py" WAS-DEFAULT-HOSTNAME="ai-event-planner-saas-py.scm.azurewebsites.net" X-Forwarded-Proto="https" X-AppService-Proto="https" X-Forwarded-TlsVersion="1.3" X-WAWS-Unencoded-URL="/api/deployments/latest" X-Client-IP="107.194.36.34" X-Client-Port="59982" >
  <step title="Cleanup Xml Logs" date="2025-06-17T04:09:32.759" /><!-- duration: 37ms -->
  <step title="DeploymentService.GetResult" date="2025-06-17T04:09:32.827" >
    <step title="DeploymentService.GetLatestDeployment" date="2025-06-17T04:09:32.832" >
      <step title="DeploymentManager.GetResults" date="2025-06-17T04:09:32.836" /><!-- duration: 1037ms -->
      <step title="Deployment b56e166b-8b92-4adb-9645-32f12513d974 is Building" date="2025-06-17T04:09:33.881" /><!-- duration: 4ms -->
    </step><!-- duration: 1057ms -->
  </step><!-- duration: 1067ms -->
  <step title="Outgoing response" date="2025-06-17T04:09:33.902" type="response" statusCode="202" statusText="Accepted" /><!-- duration: 4ms -->
</step><!-- duration: 1197ms -->
