<step title="Incoming Request" date="2025-06-16T00:47:32.876" instance="594f48" url="/api/deployments/latest" method="GET" type="request" pid="767,1,18" Accept="*/*" Host="ai-event-planner-saas-py.scm.azurewebsites.net" User-Agent="AZURECLI/2.72.0 (HOMEBREW)" Accept-Encoding="gzip, deflate" Authorization="Bas..." x-ms-client-request-id="70fe479e-4a4b-11f0-95d9-dca9047d6722" X-ARR-LOG-ID="70fe479e-4a4b-11f0-95d9-dca9047d6722" CLIENT-IP="107.194.36.34:58003" X-SITE-DEPLOYMENT-ID="ai-event-planner-saas-py" WAS-DEFAULT-HOSTNAME="ai-event-planner-saas-py.scm.azurewebsites.net" X-Forwarded-Proto="https" X-AppService-Proto="https" X-Forwarded-TlsVersion="1.3" X-WAWS-Unencoded-URL="/api/deployments/latest" X-Client-IP="107.194.36.34" X-Client-Port="58003" >
  <step title="Cleanup Xml Logs" date="2025-06-16T00:47:32.880" /><!-- duration: 9ms -->
  <step title="DeploymentService.GetResult" date="2025-06-16T00:47:32.955" >
    <step title="DeploymentService.GetLatestDeployment" date="2025-06-16T00:47:32.959" >
      <step title="DeploymentManager.GetResults" date="2025-06-16T00:47:32.964" /><!-- duration: 278ms -->
      <step title="Deployment 23907134-fd83-4267-bdd9-b54a50d0b731 is Pending" date="2025-06-16T00:47:33.250" /><!-- duration: 4ms -->
    </step><!-- duration: 298ms -->
  </step><!-- duration: 308ms -->
  <step title="Outgoing response" date="2025-06-16T00:47:33.269" type="response" statusCode="202" statusText="Accepted" /><!-- duration: 4ms -->
</step><!-- duration: 401ms -->
