<step title="BackgroundTrace" date="2025-06-17T03:46:22.575" instance="594f48" url="/api/zipdeploy" method="POST" >
  <step title="Cleanup Xml Logs" date="2025-06-17T03:46:22.585" /><!-- duration: 77ms -->
  <step title="Creating temporary deployment - FetchDeploymentManager" date="2025-06-17T03:46:22.838" /><!-- duration: 8ms -->
  <step title="Creating temporary deployment" date="2025-06-17T03:46:22.916" /><!-- duration: 201ms -->
  <step title="Performing fetch based deployment" date="2025-06-17T03:46:23.267" >
    <step title="Cleaning up temp folders from previous zip deployments and extracting pushed zip file /tmp/zipdeploy/496649b5-b44e-4ca8-9a1d-e28b98bd2f77.zip (0.15 MB) to /tmp/zipdeploy/extracted" date="2025-06-17T03:46:24.711" >
      <step title="ChmodRecursive Process exited with total time taken in ms: 351" date="2025-06-17T03:46:25.853" /><!-- duration: 50ms -->
    </step><!-- duration: 1241ms -->
    <step title="Deployment timer started" date="2025-06-17T03:46:28.146" >
      <step title="DeploymentManager.Deploy(id:02f343f0-0a7e-4852-98f9-d94ce4ab4aaf)" date="2025-06-17T03:46:28.185" >
        <step title="Collecting changeset information" date="2025-06-17T03:46:28.338" /><!-- duration: 1809ms -->
        <step title="Updating submodules" date="2025-06-17T03:46:30.209" /><!-- duration: 1439ms -->
        <step title="Determining deployment builder" date="2025-06-17T03:46:32.342" >
          <step title="Builder is OryxBuilder" date="2025-06-17T03:46:32.503" /><!-- duration: 29ms -->
        </step><!-- duration: 221ms -->
        <step title="PreDeployment: context.CleanOutputPath False" date="2025-06-17T03:46:32.724" >
          <step title="PreDeployment: context.OutputPath /home/site/wwwroot" date="2025-06-17T03:46:33.056" >
            <step title="Building" date="2025-06-17T03:46:33.451" >
              <step title="Executing external process" date="2025-06-17T03:46:34.389" type="process" path="bash" arguments="-c &quot;oryx build /tmp/zipdeploy/extracted -o /home/site/wwwroot --platform python --platform-version 3.11 -p virtualenv_name=antenv --log-file /tmp/build-debug.log  -i /tmp/8ddad518cfd7c4a --compress-destination-dir | tee /tmp/oryx-build.log ; exit $PIPESTATUS &quot;" >
                <step title="Error occurred" date="2025-06-17T03:46:44.750" type="error" text="Deployment has been stopped due to SCM container restart. The restart can happen due to a management operation on site. Do not perform a management operation and a deployment operation in quick succession. Adding a small delay can help avoid any conflicts." /><!-- duration: 89ms -->
                <step title="Killing external process" date="2025-06-17T03:46:44.910" >
                  <step title="Abort Process &apos;build.sh(20846)&apos;." date="2025-06-17T03:46:45.123" /><!-- duration: 40ms -->
                  <step title="Abort Process &apos;oryx(20827)&apos;." date="2025-06-17T03:46:45.184" /><!-- duration: 17ms -->
                  <step title="Abort Process &apos;tee(20828)&apos;." date="2025-06-17T03:46:45.212" /><!-- duration: 21ms -->
                  <step title="Process dump" date="2025-06-17T03:46:45.364" exitCode="137" type="processOutput" /><!-- duration: 17ms -->
                </step><!-- duration: 505ms -->
                <step title="Error occurred" date="2025-06-17T03:46:45.654" type="error" text="/bin/bash: line 1: 20827 Killed                  oryx build /tmp/zipdeploy/extracted -o /home/site/wwwroot --platform python --platform-version 3.11 -p virtualenv_name=antenv --log-file /tmp/build-debug.log -i /tmp/8ddad518cfd7c4a --compress-destination-dir
     20828                       | tee /tmp/oryx-build.log
/bin/bash -c &quot;oryx build /tmp/zipdeploy/extracted -o /home/site/wwwroot --platform python --platform-version 3.11 -p virtualenv_name=antenv --log-file /tmp/build-debug.log  -i /tmp/8ddad518cfd7c4a --compress-destination-dir | tee /tmp/oryx-build.log ; exit $PIPESTATUS &quot;" stackTrace="   at Kudu.Core.Infrastructure.Executable.ExecuteInternal(ITracer tracer, Func`2 onWriteOutput, Func`2 onWriteError, CancellationToken token, Encoding encoding, String arguments, Object[] args) in /tmp/KuduLite/Kudu.Core/Infrastructure/Executable.cs:line 239
   at Kudu.Core.Infrastructure.Executable.ExecuteWithProgressWriter(ILogger logger, ITracer tracer, CancellationToken token, String arguments, Object[] args) in /tmp/KuduLite/Kudu.Core/Infrastructure/Executable.cs:line 118
   at Kudu.Core.Deployment.Generator.ExternalCommandBuilder.RunCommand(DeploymentContext context, String command, Boolean ignoreManifest, CancellationToken token, String message) in /tmp/KuduLite/Kudu.Core/Deployment/Generator/ExternalCommandBuilder.cs:line 115" /><!-- duration: 19ms -->
                <step title="Error occurred" date="2025-06-17T03:46:45.696" type="error" text="/bin/bash: line 1: 20827 Killed                  oryx build /tmp/zipdeploy/extracted -o /home/site/wwwroot --platform python --platform-version 3.11 -p virtualenv_name=antenv --log-file /tmp/build-debug.log -i /tmp/8ddad518cfd7c4a --compress-destination-dir
     20828                       | tee /tmp/oryx-build.log
/bin/bash -c &quot;oryx build /tmp/zipdeploy/extracted -o /home/site/wwwroot --platform python --platform-version 3.11 -p virtualenv_name=antenv --log-file /tmp/build-debug.log  -i /tmp/8ddad518cfd7c4a --compress-destination-dir | tee /tmp/oryx-build.log ; exit $PIPESTATUS &quot;" stackTrace="   at Kudu.Core.Infrastructure.Executable.ExecuteInternal(ITracer tracer, Func`2 onWriteOutput, Func`2 onWriteError, CancellationToken token, Encoding encoding, String arguments, Object[] args) in /tmp/KuduLite/Kudu.Core/Infrastructure/Executable.cs:line 239
   at Kudu.Core.Infrastructure.Executable.ExecuteWithProgressWriter(ILogger logger, ITracer tracer, CancellationToken token, String arguments, Object[] args) in /tmp/KuduLite/Kudu.Core/Infrastructure/Executable.cs:line 118
   at Kudu.Core.Deployment.Generator.ExternalCommandBuilder.RunCommand(DeploymentContext context, String command, Boolean ignoreManifest, CancellationToken token, String message) in /tmp/KuduLite/Kudu.Core/Deployment/Generator/ExternalCommandBuilder.cs:line 115
   at Kudu.Core.Deployment.Generator.OryxBuilder.RunBuildCommand(IOryxArguments args, DeploymentContext context, CancellationToken token) in /tmp/KuduLite/Kudu.Core/Deployment/Generator/OryxBuilder.cs:line 282
   at Kudu.Core.Deployment.Generator.OryxBuilder.Build(DeploymentContext context, CancellationToken token) in /tmp/KuduLite/Kudu.Core/Deployment/Generator/OryxBuilder.cs:line 119
   at Kudu.Core.Deployment.DeploymentManager.Build(ChangeSet changeSet, ITracer tracer, IDisposable deployStep, IRepository repository, DeploymentInfoBase deploymentInfo, DeploymentAnalytics deploymentAnalytics, Boolean fullBuildByDefault, CancellationToken cancellationToken) in /tmp/KuduLite/Kudu.Core/Deployment/DeploymentManager.cs:line 771" /><!-- duration: 10ms -->
                <step title="Using PythonDeploymentLogParser" date="2025-06-17T03:46:46.115" /><!-- duration: 59ms -->
