<step title="BackgroundTrace" date="2025-06-24T12:12:11.715" instance="594f48" url="/api/zipdeploy" method="POST" >
  <step title="Creating temporary deployment - FetchDeploymentManager" date="2025-06-24T12:12:12.187" /><!-- duration: 40ms -->
  <step title="Creating temporary deployment" date="2025-06-24T12:12:12.248" /><!-- duration: 174ms -->
  <step title="Performing fetch based deployment" date="2025-06-24T12:12:12.700" >
    <step title="Cleaning up temp folders from previous zip deployments and extracting pushed zip file /tmp/zipdeploy/53d3d930-ba87-4f1d-8e76-e8c40e8b9df4.zip (0.61 MB) to /tmp/zipdeploy/extracted" date="2025-06-24T12:12:14.402" >
      <step title="ChmodRecursive Process exited with total time taken in ms: 300" date="2025-06-24T12:12:16.120" /><!-- duration: 29ms -->
    </step><!-- duration: 1809ms -->
    <step title="Deployment timer started" date="2025-06-24T12:12:18.478" >
      <step title="DeploymentManager.Deploy(id:3d975ceb-310a-43d6-8991-be363f689d8e)" date="2025-06-24T12:12:18.516" >
        <step title="Collecting changeset information" date="2025-06-24T12:12:18.697" /><!-- duration: 2172ms -->
        <step title="Updating submodules" date="2025-06-24T12:12:20.969" /><!-- duration: 2393ms -->
        <step title="Determining deployment builder" date="2025-06-24T12:12:24.378" >
          <step title="Builder is OryxBuilder" date="2025-06-24T12:12:24.660" /><!-- duration: 72ms -->
        </step><!-- duration: 666ms -->
        <step title="PreDeployment: context.CleanOutputPath False" date="2025-06-24T12:12:25.877" >
          <step title="PreDeployment: context.OutputPath /home/site/wwwroot" date="2025-06-24T12:12:28.390" >
            <step title="Building" date="2025-06-24T12:12:29.497" >
              <step title="Executing external process" date="2025-06-24T12:12:37.563" type="process" path="bash" arguments="-c &quot;oryx build /tmp/zipdeploy/extracted -o /home/site/wwwroot --platform python --platform-version 3.11 -p virtualenv_name=antenv --log-file /tmp/build-debug.log  -i /tmp/8ddb318616d92ce --compress-destination-dir | tee /tmp/oryx-build.log ; exit $PIPESTATUS &quot;" 