<step title="BackgroundTrace" date="2025-06-22T02:20:56.681" instance="594f48" url="/api/zipdeploy" method="POST" >
  <step title="Creating temporary deployment - FetchDeploymentManager" date="2025-06-22T02:20:56.775" /><!-- duration: 5ms -->
  <step title="Creating temporary deployment" date="2025-06-22T02:20:56.791" /><!-- duration: 90ms -->
  <step title="Performing fetch based deployment" date="2025-06-22T02:20:56.957" >
    <step title="Cleaning up temp folders from previous zip deployments and extracting pushed zip file /tmp/zipdeploy/52456e8b-9183-4cb3-91dd-3181a59a32e5.zip (0.61 MB) to /tmp/zipdeploy/extracted" date="2025-06-22T02:20:58.186" >
      <step title="ChmodRecursive Process exited with total time taken in ms: 93" date="2025-06-22T02:20:58.656" /><!-- duration: 18ms -->
    </step><!-- duration: 493ms -->
    <step title="Deployment timer started" date="2025-06-22T02:21:00.705" >
      <step title="DeploymentManager.Deploy(id:1fbd385d-7f11-4c9b-98eb-252688b0428c)" date="2025-06-22T02:21:00.723" >
        <step title="Collecting changeset information" date="2025-06-22T02:21:00.764" /><!-- duration: 100ms -->
        <step title="Updating submodules" date="2025-06-22T02:21:00.874" /><!-- duration: 1161ms -->
        <step title="Determining deployment builder" date="2025-06-22T02:21:02.587" >
          <step title="Builder is OryxBuilder" date="2025-06-22T02:21:02.626" /><!-- duration: 6ms -->
        </step><!-- duration: 55ms -->
        <step title="PreDeployment: context.CleanOutputPath False" date="2025-06-22T02:21:03.252" >
          <step title="PreDeployment: context.OutputPath /home/site/wwwroot" date="2025-06-22T02:21:03.397" >
            <step title="Building" date="2025-06-22T02:21:03.535" >
              <step title="Executing external process" date="2025-06-22T02:21:04.035" type="process" path="bash" arguments="-c &quot;oryx build /tmp/zipdeploy/extracted -o /home/site/wwwroot --platform python --platform-version 3.11 -p virtualenv_name=antenv --log-file /tmp/build-debug.log  -i /tmp/8ddb1336f657bfb --compress-destination-dir | tee /tmp/oryx-build.log ; exit $PIPESTATUS &quot;" /><!-- duration: 60949ms -->
              <step title="Using PythonDeploymentLogParser" date="2025-06-22T02:22:06.373" /><!-- duration: 39ms -->
              <step title="Triggering recycle (preview mode disabled)." date="2025-06-22T02:22:07.991" /><!-- duration: 11ms -->
              <step title="Modified file to trigger a restart of the app container." date="2025-06-22T02:22:08.040" /><!-- duration: 5ms -->
              <step title="Skip function trigger and logicapp sync because function is not enabled." date="2025-06-22T02:22:08.065" /><!-- duration: 11ms -->
              <step title="Purge deployment items" date="2025-06-22T02:22:09.606" >
                <step title="Remove fc220e13-, Success, received at 06/16/2025 20:16:09" date="2025-06-22T02:22:09.678" /><!-- duration: 5ms -->
              </step><!-- duration: 81ms -->
            </step><!-- duration: 66219ms -->
          </step><!-- duration: 66362ms -->
          <step title="Cleaning up temp files" date="2025-06-22T02:22:09.766" /><!-- duration: 1903ms -->
          <step title="Cleaning up temp files" date="2025-06-22T02:22:11.699" /><!-- duration: 513ms -->
          <step title="Reloading status file with latest updates" date="2025-06-22T02:22:12.333" >
            <step title="WebHooksManager.PublishEventAsync: PostDeployment" date="2025-06-22T02:22:12.383" /><!-- duration: 344ms -->
          </step><!-- duration: 425ms -->
          <step title="Cleaning up temporary deployment - fetch deployment was successful" date="2025-06-22T02:22:12.808" /><!-- duration: 17ms -->
        </step><!-- duration: 69736ms -->
      </step><!-- duration: 72454ms -->
