<step title="Incoming Request" date="2025-06-22T22:26:24.009" instance="594f48" url="/api/deployments/latest" method="GET" type="request" pid="772,1,26" Accept="*/*" Host="ai-event-planner-saas-py.scm.azurewebsites.net" User-Agent="AZURECLI/2.72.0 (HOMEBREW)" Accept-Encoding="gzip, deflate" Authorization="Bas..." x-ms-client-request-id="e3c7286a-4fb7-11f0-a5eb-dca9047d6722" X-ARR-LOG-ID="e3c7286a-4fb7-11f0-a5eb-dca9047d6722" CLIENT-IP="71.69.80.30:53892" X-SITE-DEPLOYMENT-ID="ai-event-planner-saas-py" WAS-DEFAULT-HOSTNAME="ai-event-planner-saas-py.scm.azurewebsites.net" X-Forwarded-Proto="https" X-AppService-Proto="https" X-Forwarded-TlsVersion="1.3" X-WAWS-Unencoded-URL="/api/deployments/latest" X-Client-IP="71.69.80.30" X-Client-Port="53892" >
  <step title="Cleanup Xml Logs" date="2025-06-22T22:26:24.015" >
    <step title="Cleanup Infos" date="2025-06-22T22:26:24.057" totalFiles="312" totalCleanup="152" /><!-- duration: 6ms -->
  </step><!-- duration: 54ms -->
  <step title="DeploymentService.GetResult" date="2025-06-22T22:26:24.085" >
    <step title="DeploymentService.GetLatestDeployment" date="2025-06-22T22:26:24.088" >
      <step title="DeploymentManager.GetResults" date="2025-06-22T22:26:24.095" /><!-- duration: 640ms -->
    </step><!-- duration: 679ms -->
  </step><!-- duration: 690ms -->
  <step title="Outgoing response" date="2025-06-22T22:26:24.781" type="response" statusCode="202" statusText="Accepted" /><!-- duration: 3ms -->
</step><!-- duration: 783ms -->
