<step title="Incoming Request" date="2025-06-15T23:59:41.032" instance="594f48" url="/api/deployments/latest" method="GET" type="request" pid="770,1,22" Accept="*/*" Host="ai-event-planner-saas-py.scm.azurewebsites.net" User-Agent="AZURECLI/2.72.0 (HOMEBREW)" Accept-Encoding="gzip, deflate" Authorization="Bas..." x-ms-client-request-id="c221436c-4a44-11f0-b8c9-dca9047d6722" X-ARR-LOG-ID="c221436c-4a44-11f0-b8c9-dca9047d6722" CLIENT-IP="107.194.36.34:57589" X-SITE-DEPLOYMENT-ID="ai-event-planner-saas-py" WAS-DEFAULT-HOSTNAME="ai-event-planner-saas-py.scm.azurewebsites.net" X-Forwarded-Proto="https" X-AppService-Proto="https" X-Forwarded-TlsVersion="1.3" X-WAWS-Unencoded-URL="/api/deployments/latest" X-Client-IP="107.194.36.34" X-Client-Port="57589" >
  <step title="Cleanup Xml Logs" date="2025-06-15T23:59:41.066" /><!-- duration: 17ms -->
  <step title="DeploymentService.GetResult" date="2025-06-15T23:59:41.123" >
    <step title="DeploymentService.GetLatestDeployment" date="2025-06-15T23:59:41.131" >
      <step title="DeploymentManager.GetResults" date="2025-06-15T23:59:41.151" /><!-- duration: 222ms -->
      <step title="Deployment 381b73ad-d7a8-43b1-92c6-282bd3a85d66 is Building" date="2025-06-15T23:59:41.377" /><!-- duration: 4ms -->
    </step><!-- duration: 254ms -->
  </step><!-- duration: 266ms -->
  <step title="Outgoing response" date="2025-06-15T23:59:41.395" type="response" statusCode="202" statusText="Accepted" /><!-- duration: 4ms -->
</step><!-- duration: 371ms -->
