<step title="Incoming Request" date="2025-06-17T03:46:32.543" instance="594f48" url="/api/deployments/latest" method="GET" type="request" pid="767,1,49" Accept="*/*" Host="ai-event-planner-saas-py.scm.azurewebsites.net" User-Agent="AZURECLI/2.72.0 (HOMEBREW)" Accept-Encoding="gzip, deflate" Authorization="Bas..." x-ms-client-request-id="9a1e407e-4b2d-11f0-bf18-dca9047d6722" X-ARR-LOG-ID="9a1e407e-4b2d-11f0-bf18-dca9047d6722" CLIENT-IP="107.194.36.34:59806" X-SITE-DEPLOYMENT-ID="ai-event-planner-saas-py" WAS-DEFAULT-HOSTNAME="ai-event-planner-saas-py.scm.azurewebsites.net" X-Forwarded-Proto="https" X-AppService-Proto="https" X-Forwarded-TlsVersion="1.3" X-WAWS-Unencoded-URL="/api/deployments/latest" X-Client-IP="107.194.36.34" X-Client-Port="59806" >
  <step title="Cleanup Xml Logs" date="2025-06-17T03:46:32.565" /><!-- duration: 89ms -->
  <step title="DeploymentService.GetResult" date="2025-06-17T03:46:32.774" >
    <step title="DeploymentService.GetLatestDeployment" date="2025-06-17T03:46:32.815" >
      <step title="DeploymentManager.GetResults" date="2025-06-17T03:46:32.867" /><!-- duration: 2427ms -->
      <step title="Deployment 02f343f0-0a7e-4852-98f9-d94ce4ab4aaf is Building" date="2025-06-17T03:46:35.317" /><!-- duration: 18ms -->
    </step><!-- duration: 2532ms -->
  </step><!-- duration: 2603ms -->
  <step title="Outgoing response" date="2025-06-17T03:46:35.466" type="response" statusCode="202" statusText="Accepted" /><!-- duration: 22ms -->
</step><!-- duration: 2963ms -->
