<step title="BackgroundTrace" date="2025-06-24T11:49:10.507" instance="594f48" url="/api/zipdeploy" method="POST" >
  <step title="Cleanup Xml Logs" date="2025-06-24T11:49:10.565" >
    <step title="Cleanup Infos" date="2025-06-24T11:49:10.667" totalFiles="320" totalCleanup="160" /><!-- duration: 12ms -->
  </step><!-- duration: 132ms -->
  <step title="Creating temporary deployment - FetchDeploymentManager" date="2025-06-24T11:49:11.651" /><!-- duration: 10ms -->
  <step title="Creating temporary deployment" date="2025-06-24T11:49:11.731" /><!-- duration: 585ms -->
  <step title="Performing fetch based deployment" date="2025-06-24T11:49:13.051" >
    <step title="Cleaning up temp folders from previous zip deployments and extracting pushed zip file /tmp/zipdeploy/eb621ecd-0a54-44a5-bbe2-69215932a49e.zip (0.61 MB) to /tmp/zipdeploy/extracted" date="2025-06-24T11:49:15.402" >
      <step title="ChmodRecursive Process exited with total time taken in ms: 843" date="2025-06-24T11:49:17.554" /><!-- duration: 102ms -->
    </step><!-- duration: 2302ms -->
    <step title="Deployment timer started" date="2025-06-24T11:49:20.068" >
      <step title="DeploymentManager.Deploy(id:a20c94a5-e9d6-4447-8b89-34b22697a178)" date="2025-06-24T11:49:20.277" >
        <step title="Collecting changeset information" date="2025-06-24T11:49:20.620" /><!-- duration: 7711ms -->
        <step title="Updating submodules" date="2025-06-24T11:49:28.823" /><!-- duration: 3893ms -->
        <step title="Determining deployment builder" date="2025-06-24T11:49:33.601" >
          <step title="Builder is OryxBuilder" date="2025-06-24T11:49:33.782" /><!-- duration: 39ms -->
        </step><!-- duration: 239ms -->
        <step title="PreDeployment: context.CleanOutputPath False" date="2025-06-24T11:49:34.051" >
          <step title="PreDeployment: context.OutputPath /home/site/wwwroot" date="2025-06-24T11:49:34.514" >
            <step title="Building" date="2025-06-24T11:49:35.068" >
              <step title="Executing external process" date="2025-06-24T11:49:37.280" type="process" path="bash" arguments="-c &quot;oryx build /tmp/zipdeploy/extracted -o /home/site/wwwroot --platform python --platform-version 3.11 -p virtualenv_name=antenv --log-file /tmp/build-debug.log  -i /tmp/8ddb3153014b6cb --compress-destination-dir | tee /tmp/oryx-build.log ; exit $PIPESTATUS &quot;" 