<step title="Incoming Request" date="2025-06-26T21:48:10.727" instance="594f48" url="/api/deployments/latest" method="GET" type="request" pid="776,1,10" Accept="*/*" Host="ai-event-planner-saas-py.scm.azurewebsites.net" User-Agent="AZURECLI/2.72.0 (HOMEBREW)" Accept-Encoding="gzip, deflate" Authorization="Bas..." x-ms-client-request-id="e3029a3c-52d6-11f0-bf71-dca9047d6722" X-ARR-LOG-ID="e3029a3c-52d6-11f0-bf71-dca9047d6722" CLIENT-IP="173.214.130.139:61790" X-SITE-DEPLOYMENT-ID="ai-event-planner-saas-py" WAS-DEFAULT-HOSTNAME="ai-event-planner-saas-py.scm.azurewebsites.net" X-Forwarded-Proto="https" X-AppService-Proto="https" X-Forwarded-TlsVersion="1.3" X-WAWS-Unencoded-URL="/api/deployments/latest" X-Client-IP="173.214.130.139" X-Client-Port="61790" >
  <step title="Cleanup Xml Logs" date="2025-06-26T21:48:10.798" >
    <step title="Cleanup Infos" date="2025-06-26T21:48:10.968" totalFiles="365" totalCleanup="205" /><!-- duration: 61ms -->
  </step><!-- duration: 280ms -->
  <step title="DeploymentService.GetResult" date="2025-06-26T21:48:11.409" >
    <step title="DeploymentService.GetLatestDeployment" date="2025-06-26T21:48:11.470" >
      <step title="DeploymentManager.GetResults" date="2025-06-26T21:48:11.542" /><!-- duration: 4677ms -->
    </step><!-- duration: 4857ms -->
  </step><!-- duration: 4940ms -->
  <step title="Outgoing response" date="2025-06-26T21:48:16.440" type="response" statusCode="202" statusText="Accepted" /><!-- duration: 30ms -->
</step><!-- duration: 5764ms -->
