<step title="Incoming Request" date="2025-06-21T00:33:01.499" instance="594f48" url="/api/deployments/latest" method="GET" type="request" pid="777,1,15" Accept="*/*" Host="ai-event-planner-saas-py.scm.azurewebsites.net" User-Agent="AZURECLI/2.72.0 (HOMEBREW)" Accept-Encoding="gzip, deflate" Authorization="Bas..." x-ms-client-request-id="3e24c844-4e37-11f0-904a-dca9047d6722" X-ARR-LOG-ID="3e24c844-4e37-11f0-904a-dca9047d6722" CLIENT-IP="107.194.36.34:64956" X-SITE-DEPLOYMENT-ID="ai-event-planner-saas-py" WAS-DEFAULT-HOSTNAME="ai-event-planner-saas-py.scm.azurewebsites.net" X-Forwarded-Proto="https" X-AppService-Proto="https" X-Forwarded-TlsVersion="1.3" X-WAWS-Unencoded-URL="/api/deployments/latest" X-Client-IP="107.194.36.34" X-Client-Port="64956" >
  <step title="Cleanup Xml Logs" date="2025-06-21T00:33:01.559" >
    <step title="Cleanup Infos" date="2025-06-21T00:33:01.640" totalFiles="208" totalCleanup="48" /><!-- duration: 12ms -->
  </step><!-- duration: 153ms -->
  <step title="DeploymentService.GetResult" date="2025-06-21T00:33:01.752" >
    <step title="DeploymentService.GetLatestDeployment" date="2025-06-21T00:33:01.780" >
      <step title="DeploymentManager.GetResults" date="2025-06-21T00:33:01.791" /><!-- duration: 1726ms -->
    </step><!-- duration: 1748ms -->
  </step><!-- duration: 1794ms -->
  <step title="Outgoing response" date="2025-06-21T00:33:03.588" type="response" statusCode="202" statusText="Accepted" /><!-- duration: 10ms -->
</step><!-- duration: 2109ms -->
