<step title="Incoming Request" date="2025-06-22T02:04:14.357" instance="594f48" url="/api/deployments/latest" method="GET" type="request" pid="772,1,18" Accept="*/*" Host="ai-event-planner-saas-py.scm.azurewebsites.net" User-Agent="AZURECLI/2.72.0 (HOMEBREW)" Accept-Encoding="gzip, deflate" Authorization="Bas..." x-ms-client-request-id="291254c2-4f0d-11f0-9e98-dca9047d6722" X-ARR-LOG-ID="291254c2-4f0d-11f0-9e98-dca9047d6722" CLIENT-IP="107.194.36.34:51824" X-SITE-DEPLOYMENT-ID="ai-event-planner-saas-py" WAS-DEFAULT-HOSTNAME="ai-event-planner-saas-py.scm.azurewebsites.net" X-Forwarded-Proto="https" X-AppService-Proto="https" X-Forwarded-TlsVersion="1.3" X-WAWS-Unencoded-URL="/api/deployments/latest" X-Client-IP="107.194.36.34" X-Client-Port="51824" >
  <step title="Cleanup Xml Logs" date="2025-06-22T02:04:14.363" >
    <step title="Cleanup Infos" date="2025-06-22T02:04:14.379" totalFiles="249" totalCleanup="89" /><!-- duration: 5ms -->
  </step><!-- duration: 26ms -->
  <step title="DeploymentService.GetResult" date="2025-06-22T02:04:14.485" >
    <step title="DeploymentService.GetLatestDeployment" date="2025-06-22T02:04:14.493" >
      <step title="DeploymentManager.GetResults" date="2025-06-22T02:04:14.496" /><!-- duration: 705ms -->
    </step><!-- duration: 719ms -->
  </step><!-- duration: 734ms -->
  <step title="Outgoing response" date="2025-06-22T02:04:15.224" type="response" statusCode="202" statusText="Accepted" /><!-- duration: 3ms -->
</step><!-- duration: 893ms -->
