<step title="Incoming Request" date="2025-06-21T00:20:54.899" instance="594f48" url="/api/deployments/latest" method="GET" type="request" pid="769,1,16" Accept="*/*" Host="ai-event-planner-saas-py.scm.azurewebsites.net" User-Agent="AZURECLI/2.72.0 (HOMEBREW)" Accept-Encoding="gzip, deflate" Authorization="Bas..." x-ms-client-request-id="8d6cfe28-4e35-11f0-a920-dca9047d6722" X-ARR-LOG-ID="8d6cfe28-4e35-11f0-a920-dca9047d6722" CLIENT-IP="107.194.36.34:64807" X-SITE-DEPLOYMENT-ID="ai-event-planner-saas-py" WAS-DEFAULT-HOSTNAME="ai-event-planner-saas-py.scm.azurewebsites.net" X-Forwarded-Proto="https" X-AppService-Proto="https" X-Forwarded-TlsVersion="1.3" X-WAWS-Unencoded-URL="/api/deployments/latest" X-Client-IP="107.194.36.34" X-Client-Port="64807" >
  <step title="Cleanup Xml Logs" date="2025-06-21T00:20:54.920" /><!-- duration: 65ms -->
  <step title="DeploymentService.GetResult" date="2025-06-21T00:20:55.109" >
    <step title="DeploymentService.GetLatestDeployment" date="2025-06-21T00:20:55.160" >
      <step title="DeploymentManager.GetResults" date="2025-06-21T00:20:55.202" /><!-- duration: 2060ms -->
      <step title="Deployment temp-98a7c408 is Pending" date="2025-06-21T00:20:57.287" /><!-- duration: 20ms -->
    </step><!-- duration: 2151ms -->
  </step><!-- duration: 2244ms -->
  <step title="Outgoing response" date="2025-06-21T00:20:57.371" type="response" statusCode="202" statusText="Accepted" /><!-- duration: 69ms -->
</step><!-- duration: 2623ms -->
