<step title="BackgroundTrace" date="2025-06-21T00:32:53.009" instance="594f48" url="/api/zipdeploy" method="POST" >
  <step title="Creating temporary deployment - FetchDeploymentManager" date="2025-06-21T00:32:53.224" /><!-- duration: 9ms -->
  <step title="Creating temporary deployment" date="2025-06-21T00:32:53.253" /><!-- duration: 189ms -->
  <step title="Performing fetch based deployment" date="2025-06-21T00:32:53.530" >
    <step title="Cleaning up temp folders from previous zip deployments and extracting pushed zip file /tmp/zipdeploy/4f974dc4-7506-4ed5-85c7-470b0ad50352.zip (1.32 MB) to /tmp/zipdeploy/extracted" date="2025-06-21T00:32:54.788" >
      <step title="ChmodRecursive Process exited with total time taken in ms: 441" date="2025-06-21T00:32:56.435" /><!-- duration: 73ms -->
    </step><!-- duration: 1798ms -->
    <step title="Deployment timer started" date="2025-06-21T00:32:58.621" >
      <step title="DeploymentManager.Deploy(id:b296a875-03b3-4ac9-bfb3-ab49bb987551)" date="2025-06-21T00:32:58.691" >
        <step title="Collecting changeset information" date="2025-06-21T00:32:58.832" /><!-- duration: 200ms -->
        <step title="Updating submodules" date="2025-06-21T00:32:59.094" /><!-- duration: 1318ms -->
        <step title="Determining deployment builder" date="2025-06-21T00:33:00.995" >
          <step title="Builder is OryxBuilder" date="2025-06-21T00:33:01.156" /><!-- duration: 21ms -->
        </step><!-- duration: 201ms -->
        <step title="PreDeployment: context.CleanOutputPath False" date="2025-06-21T00:33:01.278" >
          <step title="PreDeployment: context.OutputPath /home/site/wwwroot" date="2025-06-21T00:33:01.599" >
            <step title="Building" date="2025-06-21T00:33:02.105" >
              <step title="Executing external process" date="2025-06-21T00:33:02.798" type="process" path="bash" arguments="-c &quot;oryx build /tmp/zipdeploy/extracted -o /home/site/wwwroot --platform python --platform-version 3.11 -p virtualenv_name=antenv --log-file /tmp/build-debug.log  -i /tmp/8ddb05b2dba2a0a --compress-destination-dir | tee /tmp/oryx-build.log ; exit $PIPESTATUS &quot;" 