<step title="Incoming Request" date="2025-06-26T22:14:32.828" instance="594f48" url="/api/deployments/latest" method="GET" type="request" pid="776,1,36" Accept="*/*" Host="ai-event-planner-saas-py.scm.azurewebsites.net" User-Agent="AZURECLI/2.72.0 (HOMEBREW)" Accept-Encoding="gzip, deflate" Authorization="Bas..." x-ms-client-request-id="e02f7128-52da-11f0-a17d-dca9047d6722" X-ARR-LOG-ID="e02f7128-52da-11f0-a17d-dca9047d6722" CLIENT-IP="173.214.130.139:61936" X-SITE-DEPLOYMENT-ID="ai-event-planner-saas-py" WAS-DEFAULT-HOSTNAME="ai-event-planner-saas-py.scm.azurewebsites.net" X-Forwarded-Proto="https" X-AppService-Proto="https" X-Forwarded-TlsVersion="1.3" X-WAWS-Unencoded-URL="/api/deployments/latest" X-Client-IP="173.214.130.139" X-Client-Port="61936" >
  <step title="Cleanup Xml Logs" date="2025-06-26T22:14:33.027" >
    <step title="Cleanup Infos" date="2025-06-26T22:14:33.600" totalFiles="374" totalCleanup="214" /><!-- duration: 51ms -->
  </step><!-- duration: 675ms -->
  <step title="DeploymentService.GetResult" date="2025-06-26T22:14:33.873" >
    <step title="DeploymentService.GetLatestDeployment" date="2025-06-26T22:14:33.912" >
      <step title="DeploymentManager.GetResults" date="2025-06-26T22:14:33.943" /><!-- duration: 10457ms -->
    </step><!-- duration: 11062ms -->
  </step><!-- duration: 11604ms -->
  <step title="Outgoing response" date="2025-06-26T22:14:45.688" type="response" statusCode="202" statusText="Accepted" /><!-- duration: 249ms -->
</step><!-- duration: 13171ms -->
