<step title="Incoming Request" date="2025-06-26T22:18:36.170" instance="594f48" url="/api/zipdeploy?isAsync=true" method="POST" type="request" pid="774,1,18" Accept="*/*" Host="ai-event-planner-saas-py.scm.azurewebsites.net" User-Agent="AZURECLI/2.72.0 (HOMEBREW)" Accept-Encoding="gzip, deflate" Authorization="Bas..." Cache-Control="no-cache" Content-Type="application/octet-stream" Cookie="ARRAffinity=594f482b2f7a503f66217ddc6c24db2d4a34c0acff09b6ba35b8fadec34a5697; ARRAffinitySameSite=594f482b2f7a503f66217ddc6c24db2d4a34c0acff09b6ba35b8fadec34a5697" Content-Length="18477" x-ms-client-request-id="79b6aed8-52db-11f0-a333-dca9047d6722" x-ms-artifact-checksum="d362ab28a11b4cbd990efdbcf9e49a0941af6a1de3202522c0d58e4dde13f13a" X-ARR-LOG-ID="79b6aed8-52db-11f0-a333-dca9047d6722" CLIENT-IP="173.214.130.139:62024" X-SITE-DEPLOYMENT-ID="ai-event-planner-saas-py" WAS-DEFAULT-HOSTNAME="ai-event-planner-saas-py.scm.azurewebsites.net" X-Forwarded-Proto="https" X-AppService-Proto="https" X-Forwarded-TlsVersion="1.3" X-WAWS-Unencoded-URL="/api/zipdeploy?isAsync=true" X-Client-IP="173.214.130.139" X-Client-Port="62024" >
  <step title="Cleanup Xml Logs" date="2025-06-26T22:18:36.181" >
    <step title="Cleanup Infos" date="2025-06-26T22:18:36.252" totalFiles="380" totalCleanup="220" /><!-- duration: 18ms -->
  </step><!-- duration: 100ms -->
  <step title="ZipPushDeploy" date="2025-06-26T22:18:36.474" >
    <step title="ZipDeploy. Extract zip. Remote build." date="2025-06-26T22:18:36.622" /><!-- duration: 10ms -->
    <step title="None repository commit" date="2025-06-26T22:18:36.664" >
      <step title="Commit id: 8b38fe80-d339-45f7-be4e-cb4b1745895b" date="2025-06-26T22:18:36.673" Message="N/A" AuthorName="N/A" AuthorEmail="N/A" /><!-- duration: 10ms -->
    </step><!-- duration: 31ms -->
    <step title="Starting PushDeployAsync" date="2025-06-26T22:18:36.705" /><!-- duration: 19ms -->
    <step title="Writing artifact to /tmp/zipdeploy/afb516a0-2eb2-41d6-99db-7855698257fb.zip" date="2025-06-26T22:18:36.844" >
      <step title="Writing multipart request body to /tmp/zipdeploy/afb516a0-2eb2-41d6-99db-7855698257fb.zip" date="2025-06-26T22:18:36.865" /><!-- duration: 10ms -->
    </step><!-- duration: 696ms -->
    <step title="Start deployment in the background" date="2025-06-26T22:18:37.699" >
      <step title="Acquiring Deployment Lock" date="2025-06-26T22:18:37.943" /><!-- duration: 98ms -->
      <step title="Acquired Deployment Lock" date="2025-06-26T22:18:38.253" /><!-- duration: 11ms -->
    </step><!-- duration: 867ms -->
  </step><!-- duration: 2153ms -->
  <step title="Outgoing response" date="2025-06-26T22:18:38.706" type="response" statusCode="202" statusText="Accepted" /><!-- duration: 20ms -->
</step><!-- duration: 2575ms -->
