<step title="Incoming Request" date="2025-06-17T03:52:23.775" instance="594f48" url="/api/zipdeploy?isAsync=true" method="POST" type="request" pid="770,1,5" Accept="*/*" Host="ai-event-planner-saas-py.scm.azurewebsites.net" User-Agent="AZURECLI/2.72.0 (HOMEBREW)" Accept-Encoding="gzip, deflate" Authorization="Bas..." Cache-Control="no-cache" Content-Type="application/octet-stream" Cookie="ARRAffinity=594f482b2f7a503f66217ddc6c24db2d4a34c0acff09b6ba35b8fadec34a5697; ARRAffinitySameSite=594f482b2f7a503f66217ddc6c24db2d4a34c0acff09b6ba35b8fadec34a5697" Content-Length="159725" x-ms-client-request-id="7453518a-4b2e-11f0-b20c-dca9047d6722" x-ms-artifact-checksum="e4d38279467e216d74a8cb66f672df63d438074382008f689a084517a448cecb" X-ARR-LOG-ID="7453518a-4b2e-11f0-b20c-dca9047d6722" CLIENT-IP="107.194.36.34:59857" X-SITE-DEPLOYMENT-ID="ai-event-planner-saas-py" WAS-DEFAULT-HOSTNAME="ai-event-planner-saas-py.scm.azurewebsites.net" X-Forwarded-Proto="https" X-AppService-Proto="https" X-Forwarded-TlsVersion="1.3" X-WAWS-Unencoded-URL="/api/zipdeploy?isAsync=true" X-Client-IP="107.194.36.34" X-Client-Port="59857" >
  <step title="ZipPushDeploy" date="2025-06-17T03:52:23.843" >
    <step title="ZipDeploy. Extract zip. Remote build." date="2025-06-17T03:52:23.857" /><!-- duration: 4ms -->
    <step title="None repository commit" date="2025-06-17T03:52:23.871" >
      <step title="Commit id: 43832850-476d-46b7-bfde-69594bcfb856" date="2025-06-17T03:52:23.876" Message="N/A" AuthorName="N/A" AuthorEmail="N/A" /><!-- duration: 4ms -->
    </step><!-- duration: 13ms -->
    <step title="Starting PushDeployAsync" date="2025-06-17T03:52:23.889" /><!-- duration: 4ms -->
    <step title="Writing artifact to /tmp/zipdeploy/2ea2379c-1a41-405b-97cd-e13d177dc9ff.zip" date="2025-06-17T03:52:23.915" >
      <step title="Writing multipart request body to /tmp/zipdeploy/2ea2379c-1a41-405b-97cd-e13d177dc9ff.zip" date="2025-06-17T03:52:23.920" /><!-- duration: 8ms -->
    </step><!-- duration: 156ms -->
    <step title="Start deployment in the background" date="2025-06-17T03:52:24.092" >
      <step title="Acquiring Deployment Lock" date="2025-06-17T03:52:24.130" /><!-- duration: 4ms -->
      <step title="Acquired Deployment Lock" date="2025-06-17T03:52:24.224" /><!-- duration: 4ms -->
    </step><!-- duration: 252ms -->
  </step><!-- duration: 509ms -->
  <step title="Outgoing response" date="2025-06-17T03:52:24.364" type="response" statusCode="202" statusText="Accepted" /><!-- duration: 5ms -->
</step><!-- duration: 598ms -->
