<step title="Incoming Request" date="2025-06-16T00:03:57.736" instance="594f48" url="/api/deployments/latest" method="GET" type="request" pid="770,1,18" Accept="*/*" Host="ai-event-planner-saas-py.scm.azurewebsites.net" User-Agent="AZURECLI/2.72.0 (HOMEBREW)" Accept-Encoding="gzip, deflate" Authorization="Bas..." x-ms-client-request-id="5acc9e04-4a45-11f0-bd63-dca9047d6722" X-ARR-LOG-ID="5acc9e04-4a45-11f0-bd63-dca9047d6722" CLIENT-IP="107.194.36.34:57647" X-SITE-DEPLOYMENT-ID="ai-event-planner-saas-py" WAS-DEFAULT-HOSTNAME="ai-event-planner-saas-py.scm.azurewebsites.net" X-Forwarded-Proto="https" X-AppService-Proto="https" X-Forwarded-TlsVersion="1.3" X-WAWS-Unencoded-URL="/api/deployments/latest" X-Client-IP="107.194.36.34" X-Client-Port="57647" >
  <step title="Cleanup Xml Logs" date="2025-06-16T00:03:57.757" /><!-- duration: 28ms -->
  <step title="DeploymentService.GetResult" date="2025-06-16T00:03:57.830" >
    <step title="DeploymentService.GetLatestDeployment" date="2025-06-16T00:03:57.834" >
      <step title="DeploymentManager.GetResults" date="2025-06-16T00:03:57.839" /><!-- duration: 648ms -->
      <step title="Deployment 73bbbddb-4003-4fc2-bcfb-8a9d96e3bca6 is Building" date="2025-06-16T00:03:58.507" /><!-- duration: 10ms -->
    </step><!-- duration: 694ms -->
  </step><!-- duration: 708ms -->
  <step title="Outgoing response" date="2025-06-16T00:03:58.579" type="response" statusCode="202" statusText="Accepted" /><!-- duration: 18ms -->
</step><!-- duration: 872ms -->
