<step title="BackgroundTrace" date="2025-06-15T23:01:42.374" instance="594f48" url="/api/zipdeploy" method="POST" >
  <step title="Creating temporary deployment - FetchDeploymentManager" date="2025-06-15T23:01:42.463" /><!-- duration: 3ms -->
  <step title="Creating temporary deployment" date="2025-06-15T23:01:42.475" /><!-- duration: 113ms -->
  <step title="Performing fetch based deployment" date="2025-06-15T23:01:42.725" >
    <step title="Cleaning up temp folders from previous zip deployments and extracting pushed zip file /tmp/zipdeploy/a9aa3849-dbe2-4c4c-a620-6722d6268793.zip (1.25 MB) to /tmp/zipdeploy/extracted" date="2025-06-15T23:01:43.978" >
      <step title="ChmodRecursive Process exited with total time taken in ms: 171" date="2025-06-15T23:01:44.422" /><!-- duration: 7ms -->
    </step><!-- duration: 456ms -->
    <step title="Deployment timer started" date="2025-06-15T23:01:46.453" >
      <step title="DeploymentManager.Deploy(id:f9322de4-44e0-40ad-a7dd-bc1a3379ab8d)" date="2025-06-15T23:01:46.493" >
        <step title="Collecting changeset information" date="2025-06-15T23:01:46.580" /><!-- duration: 108ms -->
        <step title="Updating submodules" date="2025-06-15T23:01:46.698" /><!-- duration: 1133ms -->
        <step title="Determining deployment builder" date="2025-06-15T23:01:48.075" >
          <step title="Builder is BasicBuilder" date="2025-06-15T23:01:48.126" /><!-- duration: 4ms -->
        </step><!-- duration: 60ms -->
        <step title="PreDeployment: context.CleanOutputPath False" date="2025-06-15T23:01:48.172" >
          <step title="PreDeployment: context.OutputPath /home/site/wwwroot" date="2025-06-15T23:01:48.297" >
            <step title="Building" date="2025-06-15T23:01:48.465" >
              <step title="Executing external process" date="2025-06-15T23:01:49.069" type="process" path="starter.sh" arguments="/opt/Kudu/Scripts/parallel_rsync.sh /tmp/zipdeploy/extracted /home/site/wwwroot 8 /tmp/ False True  " /><!-- duration: 11701ms -->
              <step title="Triggering recycle (preview mode disabled)." date="2025-06-15T23:02:01.582" /><!-- duration: 31ms -->
              <step title="Modified file to trigger a restart of the app container." date="2025-06-15T23:02:01.744" /><!-- duration: 19ms -->
              <step title="Skip function trigger and logicapp sync because function is not enabled." date="2025-06-15T23:02:01.826" /><!-- duration: 30ms -->
            </step><!-- duration: 14616ms -->
          </step><!-- duration: 14836ms -->
          <step title="Cleaning up temp files" date="2025-06-15T23:02:03.143" /><!-- duration: 18ms -->
          <step title="Cleaning up temp files" date="2025-06-15T23:02:03.193" /><!-- duration: 559ms -->
          <step title="Reloading status file with latest updates" date="2025-06-15T23:02:03.824" >
            <step title="WebHooksManager.PublishEventAsync: PostDeployment" date="2025-06-15T23:02:03.831" /><!-- duration: 112ms -->
          </step><!-- duration: 125ms -->
          <step title="Cleaning up temporary deployment - fetch deployment was successful" date="2025-06-15T23:02:03.956" /><!-- duration: 4ms -->
        </step><!-- duration: 15886ms -->
      </step><!-- duration: 17602ms -->
