<step title="Incoming Request" date="2025-06-21T01:01:01.243" instance="594f48" url="/api/zipdeploy?isAsync=true" method="POST" type="request" pid="775,1,25" Accept="*/*" Host="ai-event-planner-saas-py.scm.azurewebsites.net" User-Agent="AZURECLI/2.72.0 (HOMEBREW)" Accept-Encoding="gzip, deflate" Authorization="Bas..." Cache-Control="no-cache" Content-Type="application/octet-stream" Cookie="ARRAffinity=594f482b2f7a503f66217ddc6c24db2d4a34c0acff09b6ba35b8fadec34a5697; ARRAffinitySameSite=594f482b2f7a503f66217ddc6c24db2d4a34c0acff09b6ba35b8fadec34a5697" Content-Length="638129" x-ms-client-request-id="271d07de-4e3b-11f0-bd52-dca9047d6722" x-ms-artifact-checksum="33f320d2ff21f2692d97d71d820e8faef2205bcf53f052f9fa0c413359c411c4" X-ARR-LOG-ID="271d07de-4e3b-11f0-bd52-dca9047d6722" CLIENT-IP="107.194.36.34:49206" X-SITE-DEPLOYMENT-ID="ai-event-planner-saas-py" WAS-DEFAULT-HOSTNAME="ai-event-planner-saas-py.scm.azurewebsites.net" X-Forwarded-Proto="https" X-AppService-Proto="https" X-Forwarded-TlsVersion="1.3" X-WAWS-Unencoded-URL="/api/zipdeploy?isAsync=true" X-Client-IP="107.194.36.34" X-Client-Port="49206" >
  <step title="Cleanup Xml Logs" date="2025-06-21T01:01:01.253" >
    <step title="Cleanup Infos" date="2025-06-21T01:01:01.295" totalFiles="215" totalCleanup="55" /><!-- duration: 10ms -->
  </step><!-- duration: 62ms -->
  <step title="ZipPushDeploy" date="2025-06-21T01:01:02.288" >
    <step title="ZipDeploy. Extract zip." date="2025-06-21T01:01:02.389" /><!-- duration: 22ms -->
    <step title="None repository commit" date="2025-06-21T01:01:02.541" >
      <step title="Commit id: 88eb548a-c652-4f58-98ca-faea9c0b5aec" date="2025-06-21T01:01:02.612" Message="N/A" AuthorName="N/A" AuthorEmail="N/A" /><!-- duration: 61ms -->
    </step><!-- duration: 150ms -->
    <step title="Starting PushDeployAsync" date="2025-06-21T01:01:02.723" /><!-- duration: 28ms -->
    <step title="Writing artifact to /tmp/zipdeploy/85b449e2-e42e-49b7-87c7-428825a4f865.zip" date="2025-06-21T01:01:02.942" >
      <step title="Writing multipart request body to /tmp/zipdeploy/85b449e2-e42e-49b7-87c7-428825a4f865.zip" date="2025-06-21T01:01:02.994" /><!-- duration: 41ms -->
    </step><!-- duration: 1136ms -->
    <step title="Start deployment in the background" date="2025-06-21T01:01:04.208" >
      <step title="Acquiring Deployment Lock" date="2025-06-21T01:01:04.481" /><!-- duration: 4ms -->
      <step title="Acquired Deployment Lock" date="2025-06-21T01:01:04.690" /><!-- duration: 5ms -->
    </step><!-- duration: 1179ms -->
  </step><!-- duration: 3179ms -->
  <step title="Outgoing response" date="2025-06-21T01:01:05.749" type="response" statusCode="202" statusText="Accepted" /><!-- duration: 29ms -->
</step><!-- duration: 4584ms -->
