<step title="BackgroundTrace" date="2025-06-16T00:47:28.209" instance="594f48" url="/api/zipdeploy" method="POST" >
  <step title="Creating temporary deployment - FetchDeploymentManager" date="2025-06-16T00:47:28.311" /><!-- duration: 5ms -->
  <step title="Creating temporary deployment" date="2025-06-16T00:47:28.331" /><!-- duration: 92ms -->
  <step title="Performing fetch based deployment" date="2025-06-16T00:47:28.514" >
    <step title="Cleaning up temp folders from previous zip deployments and extracting pushed zip file /tmp/zipdeploy/2d1e7f77-6924-490d-99f3-b6125dd9d410.zip (1.32 MB) to /tmp/zipdeploy/extracted" date="2025-06-16T00:47:29.713" >
      <step title="ChmodRecursive Process exited with total time taken in ms: 98" date="2025-06-16T00:47:30.118" /><!-- duration: 4ms -->
    </step><!-- duration: 414ms -->
    <step title="Deployment timer started" date="2025-06-16T00:47:32.154" >
      <step title="DeploymentManager.Deploy(id:23907134-fd83-4267-bdd9-b54a50d0b731)" date="2025-06-16T00:47:32.173" >
        <step title="Collecting changeset information" date="2025-06-16T00:47:32.219" /><!-- duration: 104ms -->
        <step title="Updating submodules" date="2025-06-16T00:47:32.331" /><!-- duration: 1142ms -->
        <step title="Determining deployment builder" date="2025-06-16T00:47:33.743" >
          <step title="Builder is OryxBuilder" date="2025-06-16T00:47:33.773" /><!-- duration: 4ms -->
        </step><!-- duration: 39ms -->
        <step title="PreDeployment: context.CleanOutputPath False" date="2025-06-16T00:47:33.861" >
          <step title="PreDeployment: context.OutputPath /home/site/wwwroot" date="2025-06-16T00:47:33.999" >
            <step title="Building" date="2025-06-16T00:47:34.196" >
              <step title="Executing external process" date="2025-06-16T00:47:34.791" type="process" path="bash" arguments="-c &quot;oryx build /tmp/zipdeploy/extracted -o /home/site/wwwroot --platform python --platform-version 3.11 -p virtualenv_name=antenv --log-file /tmp/build-debug.log  -i /tmp/8ddac6f61c422bd --compress-destination-dir | tee /tmp/oryx-build.log ; exit $PIPESTATUS &quot;" >
                <step title="Cpu: python(1031,45.840s)+ts(1032,0.170s)+build.sh(1030,0.000s)+build.sh(1029,0.000s)+build.sh(916,0.090s)+oryx(897,3.350s)+tee(898,0.000s)+bash(896,0.000s)=total(49.450s)" date="2025-06-16T00:49:24.726" /><!-- duration: 29ms -->
                <step title="bash: no io activity for 61s, prev-cpu=-1.000s, current-cpu=49.450s" date="2025-06-16T00:49:24.775" /><!-- duration: 20ms -->
                <step title="Cpu: python(1031,90.390s)+ts(1032,0.210s)+build.sh(1030,0.000s)+build.sh(1029,0.000s)+build.sh(916,0.100s)+oryx(897,3.720s)+tee(898,0.000s)+bash(896,0.000s)=total(94.420s)" date="2025-06-16T00:50:25.290" /><!-- duration: 40ms -->
                <step title="bash: no io activity for 122s, prev-cpu=49.450s, current-cpu=94.420s" date="2025-06-16T00:50:25.367" /><!-- duration: 30ms -->
                <step title="Cpu: gzip(1188,37.510s)+sh(1187,0.000s)+tar(1186,2.730s)+build.sh(916,0.110s)+oryx(897,4.900s)+tee(898,0.000s)+bash(896,0.000s)=total(45.250s)" date="2025-06-16T00:52:25.589" /><!-- duration: 68ms -->
                <step title="bash: no io activity for 61s, prev-cpu=-1.000s, current-cpu=45.250s" date="2025-06-16T00:52:25.678" /><!-- duration: 13ms -->
              </step><!-- duration: 307247ms -->
              <step title="Using PythonDeploymentLogParser" date="2025-06-16T00:52:42.655" /><!-- duration: 5ms -->
              <step title="Triggering recycle (preview mode disabled)." date="2025-06-16T00:52:43.747" /><!-- duration: 7ms -->
              <step title="Modified file to trigger a restart of the app container." date="2025-06-16T00:52:43.804" /><!-- duration: 4ms -->
              <step title="Skip function trigger and logicapp sync because function is not enabled." date="2025-06-16T00:52:43.829" /><!-- duration: 10ms -->
              <step title="Purge deployment items" date="2025-06-16T00:52:44.516" >
                <step title="Remove 4edb0f14-, Failed, received at 06/16/2025 00:26:16" date="2025-06-16T00:52:44.570" /><!-- duration: 5ms -->
              </step><!-- duration: 69ms -->
            </step><!-- duration: 310449ms -->
          </step><!-- duration: 310663ms -->
          <step title="Cleaning up temp files" date="2025-06-16T00:52:44.666" /><!-- duration: 5584ms -->
          <step title="Cleaning up temp files" date="2025-06-16T00:52:50.263" /><!-- duration: 542ms -->
          <step title="Reloading status file with latest updates" date="2025-06-16T00:52:50.868" >
            <step title="WebHooksManager.PublishEventAsync: PostDeployment" date="2025-06-16T00:52:50.886" /><!-- duration: 313ms -->
          </step><!-- duration: 340ms -->
          <step title="Cleaning up temporary deployment - fetch deployment was successful" date="2025-06-16T00:52:51.218" /><!-- duration: 4ms -->
        </step><!-- duration: 317412ms -->
      </step><!-- duration: 319128ms -->
