<step title="Incoming Request" date="2025-06-22T22:20:14.982" instance="594f48" url="/api/zipdeploy?isAsync=true" method="POST" type="request" pid="772,1,15" Accept="*/*" Host="ai-event-planner-saas-py.scm.azurewebsites.net" User-Agent="AZURECLI/2.72.0 (HOMEBREW)" Accept-Encoding="gzip, deflate" Authorization="Bas..." Cache-Control="no-cache" Content-Type="application/octet-stream" Cookie="ARRAffinity=594f482b2f7a503f66217ddc6c24db2d4a34c0acff09b6ba35b8fadec34a5697; ARRAffinitySameSite=594f482b2f7a503f66217ddc6c24db2d4a34c0acff09b6ba35b8fadec34a5697" Content-Length="74616616" x-ms-client-request-id="fec96d5e-4fb6-11f0-9481-dca9047d6722" x-ms-artifact-checksum="30bc81a67e248b855a6dc613eff99c2c7be5dd4f0005eca7cef972d7cdb3f828" X-ARR-LOG-ID="fec96d5e-4fb6-11f0-9481-dca9047d6722" CLIENT-IP="71.69.80.30:53800" X-SITE-DEPLOYMENT-ID="ai-event-planner-saas-py" WAS-DEFAULT-HOSTNAME="ai-event-planner-saas-py.scm.azurewebsites.net" X-Forwarded-Proto="https" X-AppService-Proto="https" X-Forwarded-TlsVersion="1.3" X-WAWS-Unencoded-URL="/api/zipdeploy?isAsync=true" X-Client-IP="71.69.80.30" X-Client-Port="53800" >
  <step title="ZipPushDeploy" date="2025-06-22T22:20:15.161" >
    <step title="ZipDeploy. Extract zip. Remote build." date="2025-06-22T22:20:15.175" /><!-- duration: 5ms -->
    <step title="None repository commit" date="2025-06-22T22:20:15.198" >
      <step title="Commit id: 1a04c222-2a42-4566-8c37-c66d3f48cf55" date="2025-06-22T22:20:15.202" Message="N/A" AuthorName="N/A" AuthorEmail="N/A" /><!-- duration: 4ms -->
    </step><!-- duration: 14ms -->
    <step title="Starting PushDeployAsync" date="2025-06-22T22:20:15.217" /><!-- duration: 4ms -->
    <step title="Writing artifact to /tmp/zipdeploy/0da388ae-2559-4ebc-a3bb-e265f8442650.zip" date="2025-06-22T22:20:15.256" >
      <step title="Writing multipart request body to /tmp/zipdeploy/0da388ae-2559-4ebc-a3bb-e265f8442650.zip" date="2025-06-22T22:20:15.284" /><!-- duration: 10ms -->
    </step><!-- duration: 7716ms -->
    <step title="Removing previous build artifact&apos;s manifest file" date="2025-06-22T22:20:23.023" >
      <step title="Start deployment in the background" date="2025-06-22T22:20:23.151" >
        <step title="Acquiring Deployment Lock" date="2025-06-22T22:20:23.395" /><!-- duration: 18ms -->
        <step title="Acquired Deployment Lock" date="2025-06-22T22:20:23.521" /><!-- duration: 5ms -->
      </step><!-- duration: 521ms -->
    </step><!-- duration: 661ms -->
    <step title="Outgoing response" date="2025-06-22T22:20:23.696" type="response" statusCode="202" statusText="Accepted" /><!-- duration: 5ms -->
  </step><!-- duration: 8544ms -->
