<step title="Incoming Request" date="2025-06-17T04:22:45.949" instance="594f48" url="/api/zipdeploy?isAsync=true" method="POST" type="request" pid="770,1,28" Accept="*/*" Host="ai-event-planner-saas-py.scm.azurewebsites.net" User-Agent="AZURECLI/2.72.0 (HOMEBREW)" Accept-Encoding="gzip, deflate" Authorization="Bas..." Cache-Control="no-cache" Content-Type="application/octet-stream" Cookie="ARRAffinity=594f482b2f7a503f66217ddc6c24db2d4a34c0acff09b6ba35b8fadec34a5697; ARRAffinitySameSite=594f482b2f7a503f66217ddc6c24db2d4a34c0acff09b6ba35b8fadec34a5697" Content-Length="1384561" x-ms-client-request-id="b2115a4a-4b32-11f0-86af-dca9047d6722" x-ms-artifact-checksum="37160eff04d85ebb47f6bae6e1470f0925f79f54f6b0cc7f8b7d044668ac6aeb" X-ARR-LOG-ID="b2115a4a-4b32-11f0-86af-dca9047d6722" CLIENT-IP="107.194.36.34:60074" X-SITE-DEPLOYMENT-ID="ai-event-planner-saas-py" WAS-DEFAULT-HOSTNAME="ai-event-planner-saas-py.scm.azurewebsites.net" X-Forwarded-Proto="https" X-AppService-Proto="https" X-Forwarded-TlsVersion="1.3" X-WAWS-Unencoded-URL="/api/zipdeploy?isAsync=true" X-Client-IP="107.194.36.34" X-Client-Port="60074" >
  <step title="ZipPushDeploy" date="2025-06-17T04:22:46.017" >
    <step title="ZipDeploy. Extract zip. Remote build." date="2025-06-17T04:22:46.028" /><!-- duration: 10ms -->
    <step title="Starting PushDeployAsync" date="2025-06-17T04:22:46.045" /><!-- duration: 5ms -->
    <step title="Writing artifact to /tmp/zipdeploy/c573abeb-c6d0-4e3b-9cdf-541a0079742a.zip" date="2025-06-17T04:22:46.076" >
      <step title="Writing multipart request body to /tmp/zipdeploy/c573abeb-c6d0-4e3b-9cdf-541a0079742a.zip" date="2025-06-17T04:22:46.082" /><!-- duration: 17ms -->
    </step><!-- duration: 159ms -->
    <step title="Removing previous build artifact&apos;s manifest file" date="2025-06-17T04:22:46.242" >
      <step title="Start deployment in the background" date="2025-06-17T04:22:46.262" >
        <step title="Acquiring Deployment Lock" date="2025-06-17T04:22:46.282" /><!-- duration: 5ms -->
        <step title="Acquired Deployment Lock" date="2025-06-17T04:22:46.320" /><!-- duration: 4ms -->
      </step><!-- duration: 155ms -->
    </step><!-- duration: 182ms -->
    <step title="Outgoing response" date="2025-06-17T04:22:46.428" type="response" statusCode="202" statusText="Accepted" /><!-- duration: 4ms -->
  </step><!-- duration: 420ms -->
