<step title="Incoming Request" date="2025-06-26T22:14:17.691" instance="594f48" url="/api/zipdeploy?isAsync=true" method="POST" type="request" pid="776,1,34" Accept="*/*" Host="ai-event-planner-saas-py.scm.azurewebsites.net" User-Agent="AZURECLI/2.72.0 (HOMEBREW)" Accept-Encoding="gzip, deflate" Authorization="Bas..." Cache-Control="no-cache" Content-Type="application/octet-stream" Cookie="ARRAffinity=594f482b2f7a503f66217ddc6c24db2d4a34c0acff09b6ba35b8fadec34a5697; ARRAffinitySameSite=594f482b2f7a503f66217ddc6c24db2d4a34c0acff09b6ba35b8fadec34a5697" Content-Length="509256" x-ms-client-request-id="e02f7128-52da-11f0-a17d-dca9047d6722" x-ms-artifact-checksum="761c2d58e240beb0d2a11afc9d791d2edb724132bb5a85524a40e797b1fc3d27" X-ARR-LOG-ID="e02f7128-52da-11f0-a17d-dca9047d6722" CLIENT-IP="173.214.130.139:61928" X-SITE-DEPLOYMENT-ID="ai-event-planner-saas-py" WAS-DEFAULT-HOSTNAME="ai-event-planner-saas-py.scm.azurewebsites.net" X-Forwarded-Proto="https" X-AppService-Proto="https" X-Forwarded-TlsVersion="1.3" X-WAWS-Unencoded-URL="/api/zipdeploy?isAsync=true" X-Client-IP="173.214.130.139" X-Client-Port="61928" >
  <step title="Cleanup Xml Logs" date="2025-06-26T22:14:17.731" >
    <step title="Cleanup Infos" date="2025-06-26T22:14:17.852" totalFiles="371" totalCleanup="211" /><!-- duration: 10ms -->
  </step><!-- duration: 141ms -->
  <step title="ZipPushDeploy" date="2025-06-26T22:14:17.992" >
    <step title="ZipDeploy. Extract zip. Remote build." date="2025-06-26T22:14:18.050" /><!-- duration: 11ms -->
    <step title="Starting PushDeployAsync" date="2025-06-26T22:14:18.092" /><!-- duration: 19ms -->
    <step title="Writing artifact to /tmp/zipdeploy/9bd147fb-8206-424b-abdf-5b3ec6d4584a.zip" date="2025-06-26T22:14:18.191" >
      <step title="Writing multipart request body to /tmp/zipdeploy/9bd147fb-8206-424b-abdf-5b3ec6d4584a.zip" date="2025-06-26T22:14:18.212" /><!-- duration: 21ms -->
    </step><!-- duration: 161ms -->
    <step title="Removing previous build artifact&apos;s manifest file" date="2025-06-26T22:14:18.425" >
      <step title="Start deployment in the background" date="2025-06-26T22:14:18.575" >
        <step title="Acquiring Deployment Lock" date="2025-06-26T22:14:18.797" /><!-- duration: 20ms -->
        <step title="Acquired Deployment Lock" date="2025-06-26T22:14:18.908" /><!-- duration: 10ms -->
      </step><!-- duration: 637ms -->
    </step><!-- duration: 816ms -->
    <step title="Outgoing response" date="2025-06-26T22:14:19.251" type="response" statusCode="202" statusText="Accepted" /><!-- duration: 11ms -->
  </step><!-- duration: 1280ms -->
