<step title="BackgroundTrace" date="2025-06-21T01:01:04.229" instance="594f48" url="/api/zipdeploy" method="POST" >
  <step title="Cleanup Xml Logs" date="2025-06-21T01:01:04.269" >
    <step title="Cleanup Infos" date="2025-06-21T01:01:04.342" totalFiles="216" totalCleanup="56" /><!-- duration: 87ms -->
  </step><!-- duration: 171ms -->
  <step title="Creating temporary deployment - FetchDeploymentManager" date="2025-06-21T01:01:04.700" /><!-- duration: 3ms -->
  <step title="Creating temporary deployment" date="2025-06-21T01:01:04.708" /><!-- duration: 599ms -->
  <step title="Performing fetch based deployment" date="2025-06-21T01:01:06.051" >
    <step title="Cleaning up temp folders from previous zip deployments and extracting pushed zip file /tmp/zipdeploy/85b449e2-e42e-49b7-87c7-428825a4f865.zip (0.61 MB) to /tmp/zipdeploy/extracted" date="2025-06-21T01:01:08.282" >
      <step title="ChmodRecursive Process exited with total time taken in ms: 861" date="2025-06-21T01:01:10.657" /><!-- duration: 49ms -->
    </step><!-- duration: 2485ms -->
    <step title="Deployment timer started" date="2025-06-21T01:01:12.934" >
      <step title="DeploymentManager.Deploy(id:88eb548a-c652-4f58-98ca-faea9c0b5aec)" date="2025-06-21T01:01:13.014" >
        <step title="Collecting changeset information" date="2025-06-21T01:01:13.318" /><!-- duration: 360ms -->
        <step title="Updating submodules" date="2025-06-21T01:01:13.778" /><!-- duration: 1478ms -->
        <step title="Determining deployment builder" date="2025-06-21T01:01:16.372" >
          <step title="Builder is BasicBuilder" date="2025-06-21T01:01:16.532" /><!-- duration: 101ms -->
        </step><!-- duration: 492ms -->
        <step title="PreDeployment: context.CleanOutputPath False" date="2025-06-21T01:01:18.395" >
          <step title="PreDeployment: context.OutputPath /home/site/wwwroot" date="2025-06-21T01:01:19.943" >
            <step title="Building" date="2025-06-21T01:01:22.335" >
              <step title="Executing external process" date="2025-06-21T01:01:26.115" type="process" path="starter.sh" arguments="/opt/Kudu/Scripts/parallel_rsync.sh /tmp/zipdeploy/extracted /home/site/wwwroot 8 /tmp/ False True  " /><!-- duration: 16705ms -->
              <step title="Triggering recycle (preview mode disabled)." date="2025-06-21T01:01:44.426" /><!-- duration: 20ms -->
              <step title="Modified file to trigger a restart of the app container." date="2025-06-21T01:01:44.556" /><!-- duration: 12ms -->
              <step title="Skip function trigger and logicapp sync because function is not enabled." date="2025-06-21T01:01:44.598" /><!-- duration: 31ms -->
              <step title="Purge deployment items" date="2025-06-21T01:01:46.610" >
                <step title="Remove b296a875-, Failed, received at 06/21/2025 00:32:58" date="2025-06-21T01:01:46.665" /><!-- duration: 6ms -->
                <step title="Remove temp-dde5, Failed, received at 06/21/2025 00:32:53" date="2025-06-21T01:01:46.742" /><!-- duration: 16ms -->
                <step title="Remove 60f742f0-, Failed, received at 06/21/2025 00:20:57" date="2025-06-21T01:01:46.846" /><!-- duration: 7ms -->
                <step title="Remove temp-98a7, Failed, received at 06/21/2025 00:20:50" date="2025-06-21T01:01:46.933" /><!-- duration: 29ms -->
                <step title="Remove f9322de4-, Success, received at 06/15/2025 23:01:46" date="2025-06-21T01:01:47.021" /><!-- duration: 8ms -->
              </step><!-- duration: 435ms -->
            </step><!-- duration: 24811ms -->
          </step><!-- duration: 27215ms -->
          <step title="Cleaning up temp files" date="2025-06-21T01:01:47.169" /><!-- duration: 11ms -->
          <step title="Cleaning up temp files" date="2025-06-21T01:01:47.196" /><!-- duration: 508ms -->
          <step title="Reloading status file with latest updates" date="2025-06-21T01:01:47.805" >
            <step title="WebHooksManager.PublishEventAsync: PostDeployment" date="2025-06-21T01:01:47.845" /><!-- duration: 343ms -->
          </step><!-- duration: 394ms -->
          <step title="Cleaning up temporary deployment - fetch deployment was successful" date="2025-06-21T01:01:48.210" /><!-- duration: 3ms -->
        </step><!-- duration: 29866ms -->
      </step><!-- duration: 35305ms -->
