<step title="BackgroundTrace" date="2025-06-26T22:14:18.605" instance="594f48" url="/api/zipdeploy" method="POST" >
  <step title="Creating temporary deployment - FetchDeploymentManager" date="2025-06-26T22:14:18.938" /><!-- duration: 11ms -->
  <step title="Creating temporary deployment" date="2025-06-26T22:14:18.998" /><!-- duration: 204ms -->
  <step title="Performing fetch based deployment" date="2025-06-26T22:14:19.330" >
    <step title="Cleaning up temp folders from previous zip deployments and extracting pushed zip file /tmp/zipdeploy/9bd147fb-8206-424b-abdf-5b3ec6d4584a.zip (0.49 MB) to /tmp/zipdeploy/extracted" date="2025-06-26T22:14:21.332" >
      <step title="ChmodRecursive Process exited with total time taken in ms: 193" date="2025-06-26T22:14:22.968" /><!-- duration: 61ms -->
    </step><!-- duration: 1764ms -->
    <step title="Deployment timer started" date="2025-06-26T22:14:25.241" >
      <step title="DeploymentManager.Deploy(id:bc3a9bd6-b971-40e4-8a53-a912ccfc54e1)" date="2025-06-26T22:14:25.442" >
        <step title="Collecting changeset information" date="2025-06-26T22:14:25.806" /><!-- duration: 1537ms -->
        <step title="Updating submodules" date="2025-06-26T22:14:27.694" /><!-- duration: 2898ms -->
        <step title="Determining deployment builder" date="2025-06-26T22:14:31.953" >
          <step title="Builder is OryxBuilder" date="2025-06-26T22:14:32.205" /><!-- duration: 119ms -->
        </step><!-- duration: 451ms -->
        <step title="PreDeployment: context.CleanOutputPath False" date="2025-06-26T22:14:33.059" >
          <step title="PreDeployment: context.OutputPath /home/site/wwwroot" date="2025-06-26T22:14:33.951" >
            <step title="Building" date="2025-06-26T22:14:35.802" >
              <step title="Executing external process" date="2025-06-26T22:14:43.203" type="process" path="bash" arguments="-c &quot;oryx build /tmp/zipdeploy/extracted -o /home/site/wwwroot --platform python --platform-version 3.11 -p virtualenv_name=antenv --log-file /tmp/build-debug.log  -i /tmp/8ddb4fed3cabdf9 --compress-destination-dir | tee /tmp/oryx-build.log ; exit $PIPESTATUS &quot;" 