<step title="Incoming Request" date="2025-06-21T00:20:59.824" instance="594f48" url="/api/deployments/latest" method="GET" type="request" pid="769,1,17" Accept="*/*" Host="ai-event-planner-saas-py.scm.azurewebsites.net" User-Agent="AZURECLI/2.72.0 (HOMEBREW)" Accept-Encoding="gzip, deflate" Authorization="Bas..." x-ms-client-request-id="8d6cfe28-4e35-11f0-a920-dca9047d6722" X-ARR-LOG-ID="8d6cfe28-4e35-11f0-a920-dca9047d6722" CLIENT-IP="107.194.36.34:64808" X-SITE-DEPLOYMENT-ID="ai-event-planner-saas-py" WAS-DEFAULT-HOSTNAME="ai-event-planner-saas-py.scm.azurewebsites.net" X-Forwarded-Proto="https" X-AppService-Proto="https" X-Forwarded-TlsVersion="1.3" X-WAWS-Unencoded-URL="/api/deployments/latest" X-Client-IP="107.194.36.34" X-Client-Port="64808" >
  <step title="Cleanup Xml Logs" date="2025-06-21T00:20:59.854" /><!-- duration: 79ms -->
  <step title="DeploymentService.GetResult" date="2025-06-21T00:20:59.967" >
    <step title="DeploymentService.GetLatestDeployment" date="2025-06-21T00:20:59.983" >
      <step title="DeploymentManager.GetResults" date="2025-06-21T00:21:00.034" /><!-- duration: 650ms -->
      <step title="Deployment 60f742f0-478c-4cfb-ac44-650d0fc65544 is Building" date="2025-06-21T00:21:00.693" /><!-- duration: 4ms -->
    </step><!-- duration: 718ms -->
  </step><!-- duration: 739ms -->
  <step title="Outgoing response" date="2025-06-21T00:21:00.713" type="response" statusCode="202" statusText="Accepted" /><!-- duration: 5ms -->
</step><!-- duration: 898ms -->
