<step title="Incoming Request" date="2025-06-16T00:26:12.294" instance="594f48" url="/api/zipdeploy?isAsync=true" method="POST" type="request" pid="770,1,32" Accept="*/*" Host="ai-event-planner-saas-py.scm.azurewebsites.net" User-Agent="AZURECLI/2.72.0 (HOMEBREW)" Accept-Encoding="gzip, deflate" Authorization="Bas..." Cache-Control="no-cache" Content-Type="application/octet-stream" Cookie="ARRAffinity=594f482b2f7a503f66217ddc6c24db2d4a34c0acff09b6ba35b8fadec34a5697; ARRAffinitySameSite=594f482b2f7a503f66217ddc6c24db2d4a34c0acff09b6ba35b8fadec34a5697" Content-Length="19557" x-ms-client-request-id="7a266b7e-4a48-11f0-a46d-dca9047d6722" x-ms-artifact-checksum="cf0b3c0824cb1705b9c4a223d3bc74a2bd58a1601403aacca314d6b25fbe0e86" X-ARR-LOG-ID="7a266b7e-4a48-11f0-a46d-dca9047d6722" CLIENT-IP="107.194.36.34:57837" X-SITE-DEPLOYMENT-ID="ai-event-planner-saas-py" WAS-DEFAULT-HOSTNAME="ai-event-planner-saas-py.scm.azurewebsites.net" X-Forwarded-Proto="https" X-AppService-Proto="https" X-Forwarded-TlsVersion="1.3" X-WAWS-Unencoded-URL="/api/zipdeploy?isAsync=true" X-Client-IP="107.194.36.34" X-Client-Port="57837" >
  <step title="ZipPushDeploy" date="2025-06-16T00:26:12.309" >
    <step title="ZipDeploy. Extract zip. Remote build." date="2025-06-16T00:26:12.324" /><!-- duration: 4ms -->
    <step title="Starting PushDeployAsync" date="2025-06-16T00:26:12.336" /><!-- duration: 4ms -->
    <step title="Writing artifact to /tmp/zipdeploy/11822986-c7b4-418b-b0fb-f9dff9990561.zip" date="2025-06-16T00:26:12.388" >
      <step title="Writing multipart request body to /tmp/zipdeploy/11822986-c7b4-418b-b0fb-f9dff9990561.zip" date="2025-06-16T00:26:12.393" /><!-- duration: 14ms -->
    </step><!-- duration: 27ms -->
    <step title="Removing previous build artifact&apos;s manifest file" date="2025-06-16T00:26:12.428" >
      <step title="Start deployment in the background" date="2025-06-16T00:26:12.448" >
        <step title="Acquiring Deployment Lock" date="2025-06-16T00:26:12.468" /><!-- duration: 7ms -->
        <step title="Acquired Deployment Lock" date="2025-06-16T00:26:12.538" /><!-- duration: 4ms -->
      </step><!-- duration: 188ms -->
    </step><!-- duration: 214ms -->
    <step title="Outgoing response" date="2025-06-16T00:26:12.647" type="response" statusCode="202" statusText="Accepted" /><!-- duration: 4ms -->
  </step><!-- duration: 346ms -->
