<step title="Incoming Request" date="2025-06-16T00:26:18.127" instance="594f48" url="/api/deployments/latest" method="GET" type="request" pid="770,1,30" Accept="*/*" Host="ai-event-planner-saas-py.scm.azurewebsites.net" User-Agent="AZURECLI/2.72.0 (HOMEBREW)" Accept-Encoding="gzip, deflate" Authorization="Bas..." x-ms-client-request-id="7a266b7e-4a48-11f0-a46d-dca9047d6722" X-ARR-LOG-ID="7a266b7e-4a48-11f0-a46d-dca9047d6722" CLIENT-IP="107.194.36.34:57842" X-SITE-DEPLOYMENT-ID="ai-event-planner-saas-py" WAS-DEFAULT-HOSTNAME="ai-event-planner-saas-py.scm.azurewebsites.net" X-Forwarded-Proto="https" X-AppService-Proto="https" X-Forwarded-TlsVersion="1.3" X-WAWS-Unencoded-URL="/api/deployments/latest" X-Client-IP="107.194.36.34" X-Client-Port="57842" >
  <step title="Cleanup Xml Logs" date="2025-06-16T00:26:18.135" /><!-- duration: 17ms -->
  <step title="DeploymentService.GetResult" date="2025-06-16T00:26:18.167" >
    <step title="DeploymentService.GetLatestDeployment" date="2025-06-16T00:26:18.175" >
      <step title="DeploymentManager.GetResults" date="2025-06-16T00:26:18.184" /><!-- duration: 367ms -->
      <step title="Deployment 4edb0f14-86c3-4f2d-aeb0-e3602d72c3be is Building" date="2025-06-16T00:26:18.570" /><!-- duration: 13ms -->
    </step><!-- duration: 428ms -->
  </step><!-- duration: 446ms -->
  <step title="Outgoing response" date="2025-06-16T00:26:18.623" type="response" statusCode="202" statusText="Accepted" /><!-- duration: 10ms -->
</step><!-- duration: 523ms -->
