<step title="BackgroundTrace" date="2025-06-17T03:52:24.101" instance="594f48" url="/api/zipdeploy" method="POST" >
  <step title="Creating temporary deployment - FetchDeploymentManager" date="2025-06-17T03:52:24.233" /><!-- duration: 7ms -->
  <step title="Creating temporary deployment" date="2025-06-17T03:52:24.250" /><!-- duration: 88ms -->
  <step title="Performing fetch based deployment" date="2025-06-17T03:52:24.422" >
    <step title="Cleaning up temp folders from previous zip deployments and extracting pushed zip file /tmp/zipdeploy/2ea2379c-1a41-405b-97cd-e13d177dc9ff.zip (0.15 MB) to /tmp/zipdeploy/extracted" date="2025-06-17T03:52:25.613" >
      <step title="ChmodRecursive Process exited with total time taken in ms: 109" date="2025-06-17T03:52:25.806" /><!-- duration: 10ms -->
    </step><!-- duration: 207ms -->
    <step title="Deployment timer started" date="2025-06-17T03:52:27.843" >
      <step title="DeploymentManager.Deploy(id:43832850-476d-46b7-bfde-69594bcfb856)" date="2025-06-17T03:52:27.871" >
        <step title="Collecting changeset information" date="2025-06-17T03:52:27.932" /><!-- duration: 137ms -->
        <step title="Updating submodules" date="2025-06-17T03:52:28.081" /><!-- duration: 1191ms -->
        <step title="Determining deployment builder" date="2025-06-17T03:52:29.586" >
          <step title="Builder is OryxBuilder" date="2025-06-17T03:52:29.611" /><!-- duration: 4ms -->
        </step><!-- duration: 34ms -->
        <step title="PreDeployment: context.CleanOutputPath False" date="2025-06-17T03:52:29.665" >
          <step title="PreDeployment: context.OutputPath /home/site/wwwroot" date="2025-06-17T03:52:29.794" >
            <step title="Building" date="2025-06-17T03:52:29.925" >
              <step title="Executing external process" date="2025-06-17T03:52:30.481" type="process" path="bash" arguments="-c &quot;oryx build /tmp/zipdeploy/extracted -o /home/site/wwwroot --platform python --platform-version 3.11 -p virtualenv_name=antenv --log-file /tmp/build-debug.log  -i /tmp/8ddad5261cdc229 --compress-destination-dir | tee /tmp/oryx-build.log ; exit $PIPESTATUS &quot;" /><!-- duration: 83915ms -->
              <step title="Using PythonDeploymentLogParser" date="2025-06-17T03:53:55.501" /><!-- duration: 20ms -->
              <step title="Triggering recycle (preview mode disabled)." date="2025-06-17T03:53:56.890" /><!-- duration: 9ms -->
              <step title="Modified file to trigger a restart of the app container." date="2025-06-17T03:53:56.961" /><!-- duration: 4ms -->
              <step title="Skip function trigger and logicapp sync because function is not enabled." date="2025-06-17T03:53:56.983" /><!-- duration: 11ms -->
              <step title="Purge deployment items" date="2025-06-17T03:53:57.986" >
                <step title="Remove 02f343f0-, Failed, received at 06/17/2025 03:46:29" date="2025-06-17T03:53:58.081" /><!-- duration: 4ms -->
                <step title="Remove temp-0e21, Failed, received at 06/17/2025 03:46:23" date="2025-06-17T03:53:58.137" /><!-- duration: 4ms -->
              </step><!-- duration: 163ms -->
            </step><!-- duration: 88298ms -->
          </step><!-- duration: 88447ms -->
          <step title="Cleaning up temp files" date="2025-06-17T03:53:58.251" /><!-- duration: 1811ms -->
          <step title="Cleaning up temp files" date="2025-06-17T03:54:00.090" /><!-- duration: 512ms -->
          <step title="Reloading status file with latest updates" date="2025-06-17T03:54:00.654" >
            <step title="WebHooksManager.PublishEventAsync: PostDeployment" date="2025-06-17T03:54:00.661" /><!-- duration: 164ms -->
          </step><!-- duration: 175ms -->
          <step title="Cleaning up temporary deployment - fetch deployment was successful" date="2025-06-17T03:54:00.842" /><!-- duration: 10ms -->
        </step><!-- duration: 91271ms -->
      </step><!-- duration: 93087ms -->
