<step title="Incoming Request" date="2025-06-17T05:05:33.385" instance="594f48" url="/api/deployments/latest" method="GET" type="request" pid="769,1,16" Accept="*/*" Host="ai-event-planner-saas-py.scm.azurewebsites.net" User-Agent="AZURECLI/2.72.0 (HOMEBREW)" Accept-Encoding="gzip, deflate" Authorization="Bas..." x-ms-client-request-id="a95e8b10-4b38-11f0-8c98-dca9047d6722" X-ARR-LOG-ID="a95e8b10-4b38-11f0-8c98-dca9047d6722" CLIENT-IP="107.194.36.34:60497" X-SITE-DEPLOYMENT-ID="ai-event-planner-saas-py" WAS-DEFAULT-HOSTNAME="ai-event-planner-saas-py.scm.azurewebsites.net" X-Forwarded-Proto="https" X-AppService-Proto="https" X-Forwarded-TlsVersion="1.3" X-WAWS-Unencoded-URL="/api/deployments/latest" X-Client-IP="107.194.36.34" X-Client-Port="60497" >
  <step title="Cleanup Xml Logs" date="2025-06-17T05:05:33.403" /><!-- duration: 12ms -->
  <step title="DeploymentService.GetResult" date="2025-06-17T05:05:33.426" >
    <step title="DeploymentService.GetLatestDeployment" date="2025-06-17T05:05:33.430" >
      <step title="DeploymentManager.GetResults" date="2025-06-17T05:05:33.435" /><!-- duration: 572ms -->
      <step title="Deployment 18c154ed-8199-40cb-9c1f-9f8275d4c4f9 is Pending" date="2025-06-17T05:05:34.016" /><!-- duration: 4ms -->
    </step><!-- duration: 593ms -->
  </step><!-- duration: 602ms -->
  <step title="Outgoing response" date="2025-06-17T05:05:34.037" type="response" statusCode="202" statusText="Accepted" /><!-- duration: 26ms -->
</step><!-- duration: 683ms -->
