<step title="Incoming Request" date="2025-06-25T05:05:25.682" instance="594f48" url="/api/zipdeploy?isAsync=true" method="POST" type="request" pid="771,1,7" Accept="*/*" Host="ai-event-planner-saas-py.scm.azurewebsites.net" User-Agent="AZURECLI/2.72.0 (HOMEBREW)" Accept-Encoding="gzip, deflate" Authorization="Bas..." Cache-Control="no-cache" Content-Type="application/octet-stream" Cookie="ARRAffinity=594f482b2f7a503f66217ddc6c24db2d4a34c0acff09b6ba35b8fadec34a5697; ARRAffinitySameSite=594f482b2f7a503f66217ddc6c24db2d4a34c0acff09b6ba35b8fadec34a5697" Content-Length="644129" x-ms-client-request-id="f005f9aa-5181-11f0-8a40-dca9047d6722" x-ms-artifact-checksum="497d0dc965306d03cd339a703b6f7943f138ff7be9d14749b0981d6cd1aa9373" X-ARR-LOG-ID="f005f9aa-5181-11f0-8a40-dca9047d6722" CLIENT-IP="107.194.36.34:59928" X-SITE-DEPLOYMENT-ID="ai-event-planner-saas-py" WAS-DEFAULT-HOSTNAME="ai-event-planner-saas-py.scm.azurewebsites.net" X-Forwarded-Proto="https" X-AppService-Proto="https" X-Forwarded-TlsVersion="1.3" X-WAWS-Unencoded-URL="/api/zipdeploy?isAsync=true" X-Client-IP="107.194.36.34" X-Client-Port="59928" >
  <step title="Cleanup Xml Logs" date="2025-06-25T05:05:25.744" >
    <step title="Cleanup Infos" date="2025-06-25T05:05:26.115" totalFiles="346" totalCleanup="186" /><!-- duration: 190ms -->
  </step><!-- duration: 634ms -->
  <step title="ZipPushDeploy" date="2025-06-25T05:05:27.673" >
    <step title="ZipDeploy. Extract zip. Remote build." date="2025-06-25T05:05:27.906" /><!-- duration: 402ms -->
    <step title="None repository commit" date="2025-06-25T05:05:28.487" >
      <step title="Commit id: 16a87224-9b45-4738-8b40-70c475f926ed" date="2025-06-25T05:05:28.718" Message="N/A" AuthorName="N/A" AuthorEmail="N/A" /><!-- duration: 141ms -->
    </step><!-- duration: 445ms -->
    <step title="Starting PushDeployAsync" date="2025-06-25T05:05:29.201" /><!-- duration: 11ms -->
    <step title="Writing artifact to /tmp/zipdeploy/0616fb3b-c30b-4197-aa36-dff38bafd4b4.zip" date="2025-06-25T05:05:30.419" >
      <step title="Writing multipart request body to /tmp/zipdeploy/0616fb3b-c30b-4197-aa36-dff38bafd4b4.zip" date="2025-06-25T05:05:30.529" /><!-- duration: 50ms -->
    </step><!-- duration: 1348ms -->
    <step title="Removing previous build artifact&apos;s manifest file" date="2025-06-25T05:05:31.945" >
      <step title="Start deployment in the background" date="2025-06-25T05:05:32.489" >
        <step title="Acquiring Deployment Lock" date="2025-06-25T05:05:32.902" /><!-- duration: 28ms -->
        <step title="Acquired Deployment Lock" date="2025-06-25T05:05:33.282" /><!-- duration: 60ms -->
      </step><!-- duration: 1327ms -->
    </step><!-- duration: 2053ms -->
    <step title="Outgoing response" date="2025-06-25T05:05:34.218" type="response" statusCode="202" statusText="Accepted" /><!-- duration: 48ms -->
  </step><!-- duration: 6624ms -->
