<step title="Incoming Request" date="2025-06-15T23:01:41.434" instance="594f48" url="/api/zipdeploy?isAsync=true" method="POST" type="request" pid="801,1,5" Accept="*/*" Host="ai-event-planner-saas-py.scm.azurewebsites.net" User-Agent="AZURECLI/2.72.0 (HOMEBREW)" Accept-Encoding="gzip, deflate" Authorization="Bas..." Cache-Control="no-cache" Content-Type="application/octet-stream" Content-Length="1315705" x-ms-client-request-id="a13edcf2-4a3c-11f0-bddb-dca9047d6722" x-ms-artifact-checksum="a454c3192b5a776f948a00f680ee6424c59785de8fe130e4146a0d68664185ce" X-ARR-LOG-ID="a13edcf2-4a3c-11f0-bddb-dca9047d6722" CLIENT-IP="107.194.36.34:57034" X-SITE-DEPLOYMENT-ID="ai-event-planner-saas-py" WAS-DEFAULT-HOSTNAME="ai-event-planner-saas-py.scm.azurewebsites.net" X-Forwarded-Proto="https" X-AppService-Proto="https" X-Forwarded-TlsVersion="1.3" X-WAWS-Unencoded-URL="/api/zipdeploy?isAsync=true" X-Client-IP="107.194.36.34" X-Client-Port="57034" >
  <step title="ZipPushDeploy" date="2025-06-15T23:01:42.100" >
    <step title="ZipDeploy. Extract zip." date="2025-06-15T23:01:42.123" /><!-- duration: 3ms -->
    <step title="None repository commit" date="2025-06-15T23:01:42.136" >
      <step title="Commit id: f9322de4-44e0-40ad-a7dd-bc1a3379ab8d" date="2025-06-15T23:01:42.139" Message="N/A" AuthorName="N/A" AuthorEmail="N/A" /><!-- duration: 4ms -->
    </step><!-- duration: 11ms -->
    <step title="Starting PushDeployAsync" date="2025-06-15T23:01:42.151" /><!-- duration: 4ms -->
    <step title="Writing artifact to /tmp/zipdeploy/a9aa3849-dbe2-4c4c-a620-6722d6268793.zip" date="2025-06-15T23:01:42.181" >
      <step title="Writing multipart request body to /tmp/zipdeploy/a9aa3849-dbe2-4c4c-a620-6722d6268793.zip" date="2025-06-15T23:01:42.185" /><!-- duration: 5ms -->
    </step><!-- duration: 160ms -->
    <step title="Start deployment in the background" date="2025-06-15T23:01:42.367" >
      <step title="Acquiring Deployment Lock" date="2025-06-15T23:01:42.404" /><!-- duration: 4ms -->
      <step title="Acquired Deployment Lock" date="2025-06-15T23:01:42.456" /><!-- duration: 3ms -->
    </step><!-- duration: 226ms -->
  </step><!-- duration: 517ms -->
  <step title="Outgoing response" date="2025-06-15T23:01:42.639" type="response" statusCode="202" statusText="Accepted" /><!-- duration: 9ms -->
</step><!-- duration: 1217ms -->
