<step title="Incoming Request" date="2025-06-17T05:02:49.932" instance="594f48" url="/api/deployments/latest" method="GET" type="request" pid="770,1,39" Accept="*/*" Host="ai-event-planner-saas-py.scm.azurewebsites.net" User-Agent="AZURECLI/2.72.0 (HOMEBREW)" Accept-Encoding="gzip, deflate" Authorization="Bas..." x-ms-client-request-id="46aba782-4b38-11f0-9a38-dca9047d6722" X-ARR-LOG-ID="46aba782-4b38-11f0-9a38-dca9047d6722" CLIENT-IP="107.194.36.34:60421" X-SITE-DEPLOYMENT-ID="ai-event-planner-saas-py" WAS-DEFAULT-HOSTNAME="ai-event-planner-saas-py.scm.azurewebsites.net" X-Forwarded-Proto="https" X-AppService-Proto="https" X-Forwarded-TlsVersion="1.3" X-WAWS-Unencoded-URL="/api/deployments/latest" X-Client-IP="107.194.36.34" X-Client-Port="60421" >
  <step title="Cleanup Xml Logs" date="2025-06-17T05:02:49.943" /><!-- duration: 48ms -->
  <step title="DeploymentService.GetResult" date="2025-06-17T05:02:50.032" >
    <step title="DeploymentService.GetLatestDeployment" date="2025-06-17T05:02:50.043" >
      <step title="DeploymentManager.GetResults" date="2025-06-17T05:02:50.064" /><!-- duration: 1155ms -->
      <step title="Deployment temp-13b7b1a4 is Pending" date="2025-06-17T05:02:51.250" /><!-- duration: 17ms -->
    </step><!-- duration: 1245ms -->
  </step><!-- duration: 1276ms -->
  <step title="Outgoing response" date="2025-06-17T05:02:51.381" type="response" statusCode="202" statusText="Accepted" /><!-- duration: 18ms -->
</step><!-- duration: 1487ms -->
