<step title="Incoming Request" date="2025-06-20T11:54:59.930" instance="594f48" url="/api/zipdeploy?isAsync=true" method="POST" type="request" pid="769,1,3" Accept="*/*" Host="ai-event-planner-saas-py.scm.azurewebsites.net" User-Agent="AZURECLI/2.72.0 (HOMEBREW)" Accept-Encoding="gzip, deflate" Authorization="Bas..." Cache-Control="no-cache" Content-Type="application/octet-stream" Cookie="ARRAffinity=594f482b2f7a503f66217ddc6c24db2d4a34c0acff09b6ba35b8fadec34a5697; ARRAffinitySameSite=594f482b2f7a503f66217ddc6c24db2d4a34c0acff09b6ba35b8fadec34a5697" Content-Length="1383235" x-ms-client-request-id="5ecd556c-4dcd-11f0-b5f6-dca9047d6722" x-ms-artifact-checksum="5c807ec14157eccb41ecfc4d46793cdac905fb894aaf472f6efaa1434ae31042" X-ARR-LOG-ID="5ecd556c-4dcd-11f0-b5f6-dca9047d6722" CLIENT-IP="107.194.36.34:62420" X-SITE-DEPLOYMENT-ID="ai-event-planner-saas-py" WAS-DEFAULT-HOSTNAME="ai-event-planner-saas-py.scm.azurewebsites.net" X-Forwarded-Proto="https" X-AppService-Proto="https" X-Forwarded-TlsVersion="1.3" X-WAWS-Unencoded-URL="/api/zipdeploy?isAsync=true" X-Client-IP="107.194.36.34" X-Client-Port="62420" >
  <step title="ZipPushDeploy" date="2025-06-20T11:54:59.966" >
    <step title="ZipDeploy. Extract zip." date="2025-06-20T11:54:59.984" /><!-- duration: 5ms -->
    <step title="Starting PushDeployAsync" date="2025-06-20T11:54:59.999" /><!-- duration: 4ms -->
    <step title="Writing artifact to /tmp/zipdeploy/fca03cae-1ecf-4c2d-bcdf-6e211921142c.zip" date="2025-06-20T11:55:00.045" >
      <step title="Writing multipart request body to /tmp/zipdeploy/fca03cae-1ecf-4c2d-bcdf-6e211921142c.zip" date="2025-06-20T11:55:00.051" /><!-- duration: 9ms -->
    </step><!-- duration: 120ms -->
    <step title="Start deployment in the background" date="2025-06-20T11:55:00.181" >
      <step title="Acquiring Deployment Lock" date="2025-06-20T11:55:00.216" /><!-- duration: 5ms -->
      <step title="Acquired Deployment Lock" date="2025-06-20T11:55:00.263" /><!-- duration: 5ms -->
    </step><!-- duration: 184ms -->
  </step><!-- duration: 415ms -->
  <step title="Outgoing response" date="2025-06-20T11:55:00.388" type="response" statusCode="202" statusText="Accepted" /><!-- duration: 5ms -->
</step><!-- duration: 468ms -->
