<step title="Incoming Request" date="2025-06-16T00:07:26.398" instance="594f48" url="/api/deployments/latest" method="GET" type="request" pid="770,1,16" Accept="*/*" Host="ai-event-planner-saas-py.scm.azurewebsites.net" User-Agent="AZURECLI/2.72.0 (HOMEBREW)" Accept-Encoding="gzip, deflate" Authorization="Bas..." x-ms-client-request-id="d1ffd950-4a45-11f0-a156-dca9047d6722" X-ARR-LOG-ID="d1ffd950-4a45-11f0-a156-dca9047d6722" CLIENT-IP="107.194.36.34:57704" X-SITE-DEPLOYMENT-ID="ai-event-planner-saas-py" WAS-DEFAULT-HOSTNAME="ai-event-planner-saas-py.scm.azurewebsites.net" X-Forwarded-Proto="https" X-AppService-Proto="https" X-Forwarded-TlsVersion="1.3" X-WAWS-Unencoded-URL="/api/deployments/latest" X-Client-IP="107.194.36.34" X-Client-Port="57704" >
  <step title="Cleanup Xml Logs" date="2025-06-16T00:07:26.439" /><!-- duration: 39ms -->
  <step title="DeploymentService.GetResult" date="2025-06-16T00:07:26.507" >
    <step title="DeploymentService.GetLatestDeployment" date="2025-06-16T00:07:26.518" >
      <step title="DeploymentManager.GetResults" date="2025-06-16T00:07:26.529" /><!-- duration: 521ms -->
      <step title="Deployment 5df7f130-c107-44ba-8f53-36eab18cfec6 is Building" date="2025-06-16T00:07:27.060" /><!-- duration: 11ms -->
    </step><!-- duration: 572ms -->
  </step><!-- duration: 596ms -->
  <step title="Outgoing response" date="2025-06-16T00:07:27.142" type="response" statusCode="202" statusText="Accepted" /><!-- duration: 10ms -->
</step><!-- duration: 765ms -->
