﻿<?xml version="1.0" encoding="utf-8"?>
<deployment>
  <id>bc3a9bd6-b971-40e4-8a53-a912ccfc54e1</id>
  <author>N/A</author>
  <deployer>Push-Deployer</deployer>
  <authorEmail>N/A</authorEmail>
  <message>Created via a push deployment</message>
  <progress></progress>
  <status>Failed</status>
  <statusText>Deployment has been stopped due to SCM container restart. The restart can happen due to a management operation on site. Do not perform a management operation and a deployment operation in quick succession. Adding a small delay can help avoid any conflicts.</statusText>
  <lastSuccessEndTime />
  <receivedTime>2025-06-26T22:14:26.9013662Z</receivedTime>
  <startTime>2025-06-26T22:14:31.7403101Z</startTime>
  <endTime>2025-06-26T22:15:21.53246Z</endTime>
  <complete>True</complete>
  <is_temp>False</is_temp>
  <is_readonly>True</is_readonly>
  <buildSummary />
</deployment>