﻿<?xml version="1.0" encoding="utf-8"?>
<deployment>
  <id>b7968425-2fb7-4168-a643-a0f4b066f5eb</id>
  <author>N/A</author>
  <deployer>Push-Deployer</deployer>
  <authorEmail>N/A</authorEmail>
  <message>Created via a push deployment</message>
  <progress></progress>
  <status>Success</status>
  <statusText></statusText>
  <lastSuccessEndTime>2025-06-26T21:50:24.7830933Z</lastSuccessEndTime>
  <receivedTime>2025-06-26T21:47:59.8050911Z</receivedTime>
  <startTime>2025-06-26T21:48:04.5117495Z</startTime>
  <endTime>2025-06-26T21:50:24.7830933Z</endTime>
  <complete>True</complete>
  <is_temp>False</is_temp>
  <is_readonly>True</is_readonly>
  <buildSummary />
</deployment>