﻿<?xml version="1.0" encoding="utf-8"?>
<deployment>
  <id>88eb548a-c652-4f58-98ca-faea9c0b5aec</id>
  <author>N/A</author>
  <deployer>Push-Deployer</deployer>
  <authorEmail>N/A</authorEmail>
  <message>Created via a push deployment</message>
  <progress></progress>
  <status>Success</status>
  <statusText></statusText>
  <lastSuccessEndTime>2025-06-21T01:01:45.2217995Z</lastSuccessEndTime>
  <receivedTime>2025-06-21T01:01:13.4868484Z</receivedTime>
  <startTime>2025-06-21T01:01:16.2119965Z</startTime>
  <endTime>2025-06-21T01:01:45.2217995Z</endTime>
  <complete>True</complete>
  <is_temp>False</is_temp>
  <is_readonly>True</is_readonly>
  <buildSummary />
</deployment>