﻿<?xml version="1.0" encoding="utf-8"?>
<deployment>
  <id>83d72453-010d-48b1-875d-a3d6fdf8f400</id>
  <author>N/A</author>
  <deployer>Push-Deployer</deployer>
  <authorEmail>N/A</authorEmail>
  <message>Created via a push deployment</message>
  <progress></progress>
  <status>Success</status>
  <statusText></statusText>
  <lastSuccessEndTime>2025-07-16T00:15:43.1196942Z</lastSuccessEndTime>
  <receivedTime>2025-07-16T00:15:27.0559016Z</receivedTime>
  <startTime>2025-07-16T00:15:29.6110478Z</startTime>
  <endTime>2025-07-16T00:15:43.1196942Z</endTime>
  <complete>True</complete>
  <is_temp>False</is_temp>
  <is_readonly>True</is_readonly>
  <buildSummary />
</deployment>