<step title="BackgroundTrace" date="2025-07-16T00:28:11.422" instance="df256f" url="/api/zipdeploy" method="POST" >
  <step title="Creating temporary deployment - FetchDeploymentManager" date="2025-07-16T00:28:11.527" /><!-- duration: 4ms -->
  <step title="Creating temporary deployment" date="2025-07-16T00:28:11.537" /><!-- duration: 83ms -->
  <step title="Performing fetch based deployment" date="2025-07-16T00:28:11.772" >
    <step title="Cleaning up temp folders from previous zip deployments and extracting pushed zip file /tmp/zipdeploy/592bb2d5-3df7-4e3d-b2a9-8694a85390a1.zip (1.39 MB) to /tmp/zipdeploy/extracted" date="2025-07-16T00:28:13.021" >
      <step title="ChmodRecursive Process exited with total time taken in ms: 136" date="2025-07-16T00:28:13.553" /><!-- duration: 9ms -->
    </step><!-- duration: 576ms -->
    <step title="Deployment timer started" date="2025-07-16T00:28:15.634" >
      <step title="DeploymentManager.Deploy(id:e0157a4e-1262-43f5-b895-7faa80d1939e)" date="2025-07-16T00:28:15.652" >
        <step title="Collecting changeset information" date="2025-07-16T00:28:15.699" /><!-- duration: 113ms -->
        <step title="Updating submodules" date="2025-07-16T00:28:15.820" /><!-- duration: 1135ms -->
        <step title="Determining deployment builder" date="2025-07-16T00:28:17.233" >
          <step title="Builder is BasicBuilder" date="2025-07-16T00:28:17.263" /><!-- duration: 4ms -->
        </step><!-- duration: 50ms -->
        <step title="PreDeployment: context.CleanOutputPath False" date="2025-07-16T00:28:17.363" >
          <step title="PreDeployment: context.OutputPath /home/site/wwwroot" date="2025-07-16T00:28:17.509" >
            <step title="Building" date="2025-07-16T00:28:17.851" >
              <step title="Executing external process" date="2025-07-16T00:28:18.250" type="process" path="starter.sh" arguments="/opt/Kudu/Scripts/parallel_rsync.sh /tmp/zipdeploy/extracted /home/site/wwwroot 8 /tmp/ False True  " /><!-- duration: 10208ms -->
              <step title="Triggering recycle (preview mode disabled)." date="2025-07-16T00:28:28.824" /><!-- duration: 4ms -->
              <step title="Modified file to trigger a restart of the app container." date="2025-07-16T00:28:28.874" /><!-- duration: 4ms -->
              <step title="Skip function trigger and logicapp sync because function is not enabled." date="2025-07-16T00:28:28.884" /><!-- duration: 11ms -->
            </step><!-- duration: 11814ms -->
          </step><!-- duration: 12166ms -->
          <step title="Cleaning up temp files" date="2025-07-16T00:28:29.679" /><!-- duration: 14ms -->
          <step title="Cleaning up temp files" date="2025-07-16T00:28:29.702" /><!-- duration: 511ms -->
          <step title="Reloading status file with latest updates" date="2025-07-16T00:28:30.251" >
            <step title="WebHooksManager.PublishEventAsync: PostDeployment" date="2025-07-16T00:28:30.264" /><!-- duration: 102ms -->
          </step><!-- duration: 119ms -->
          <step title="Cleaning up temporary deployment - fetch deployment was successful" date="2025-07-16T00:28:30.378" /><!-- duration: 4ms -->
        </step><!-- duration: 13128ms -->
      </step><!-- duration: 14862ms -->
