<step title="Incoming Request" date="2025-07-16T00:15:19.508" instance="df256f" url="/api/zipdeploy?isAsync=true" method="POST" type="request" pid="769,1,15" Accept="*/*" Host="ai-event-planner-saas-py.scm.azurewebsites.net" User-Agent="AZURECLI/2.72.0 (HOMEBREW)" Accept-Encoding="gzip, deflate" Authorization="Bas..." Cache-Control="no-cache" Content-Type="application/octet-stream" Content-Length="1452962" x-ms-client-request-id="8940dbe6-61d9-11f0-947a-dca9047d6722" x-ms-artifact-checksum="bfe5087da2ec2e509d70d78559ba528e8579c45093ba5ce6573313fedc073def" X-ARR-LOG-ID="8940dbe6-61d9-11f0-947a-dca9047d6722" CLIENT-IP="107.194.36.34:61105" X-SITE-DEPLOYMENT-ID="ai-event-planner-saas-py" WAS-DEFAULT-HOSTNAME="ai-event-planner-saas-py.scm.azurewebsites.net" X-Forwarded-Proto="https" X-AppService-Proto="https" X-Forwarded-TlsVersion="1.3" X-WAWS-Unencoded-URL="/api/zipdeploy?isAsync=true" X-Client-IP="107.194.36.34" X-Client-Port="61105" >
  <step title="ZipPushDeploy" date="2025-07-16T00:15:20.304" >
    <step title="ZipDeploy. Extract zip." date="2025-07-16T00:15:20.331" /><!-- duration: 3ms -->
    <step title="None repository commit" date="2025-07-16T00:15:20.350" >
      <step title="Commit id: 83d72453-010d-48b1-875d-a3d6fdf8f400" date="2025-07-16T00:15:20.353" Message="N/A" AuthorName="N/A" AuthorEmail="N/A" /><!-- duration: 5ms -->
    </step><!-- duration: 13ms -->
    <step title="Starting PushDeployAsync" date="2025-07-16T00:15:20.372" /><!-- duration: 4ms -->
    <step title="Writing artifact to /tmp/zipdeploy/ad12759b-98aa-45b1-b8b9-f86f69c23192.zip" date="2025-07-16T00:15:20.398" >
      <step title="Writing multipart request body to /tmp/zipdeploy/ad12759b-98aa-45b1-b8b9-f86f69c23192.zip" date="2025-07-16T00:15:20.403" /><!-- duration: 4ms -->
    </step><!-- duration: 450ms -->
    <step title="Start deployment in the background" date="2025-07-16T00:15:20.938" >
      <step title="Acquiring Deployment Lock" date="2025-07-16T00:15:21.050" /><!-- duration: 45ms -->
      <step title="Acquired Deployment Lock" date="2025-07-16T00:15:21.334" /><!-- duration: 10ms -->
    </step><!-- duration: 593ms -->
  </step><!-- duration: 1253ms -->
  <step title="Outgoing response" date="2025-07-16T00:15:21.705" type="response" statusCode="202" statusText="Accepted" /><!-- duration: 15ms -->
</step><!-- duration: 2221ms -->
