<step title="Incoming Request" date="2025-07-16T00:28:10.890" instance="df256f" url="/api/zipdeploy?isAsync=true" method="POST" type="request" pid="767,1,15" Accept="*/*" Host="ai-event-planner-saas-py.scm.azurewebsites.net" User-Agent="AZURECLI/2.72.0 (HOMEBREW)" Accept-Encoding="gzip, deflate" Authorization="Bas..." Cache-Control="no-cache" Content-Type="application/octet-stream" Cookie="ARRAffinity=df256fff2bc97cf1136c4fe3e43a00b6a331e70682a375c98ebe7486ac606671; ARRAffinitySameSite=df256fff2bc97cf1136c4fe3e43a00b6a331e70682a375c98ebe7486ac606671" Content-Length="1453470" x-ms-client-request-id="bac63c40-61db-11f0-abbc-dca9047d6722" x-ms-artifact-checksum="a876c70bcacf36c54046358401f21fb6ab5fa7b8bcd15063dccaac8339f618e1" X-ARR-LOG-ID="bac63c40-61db-11f0-abbc-dca9047d6722" CLIENT-IP="107.194.36.34:61866" X-SITE-DEPLOYMENT-ID="ai-event-planner-saas-py" WAS-DEFAULT-HOSTNAME="ai-event-planner-saas-py.scm.azurewebsites.net" X-Forwarded-Proto="https" X-AppService-Proto="https" X-Forwarded-TlsVersion="1.3" X-WAWS-Unencoded-URL="/api/zipdeploy?isAsync=true" X-Client-IP="107.194.36.34" X-Client-Port="61866" >
  <step title="ZipPushDeploy" date="2025-07-16T00:28:11.008" >
    <step title="ZipDeploy. Extract zip." date="2025-07-16T00:28:11.025" /><!-- duration: 5ms -->
    <step title="None repository commit" date="2025-07-16T00:28:11.042" >
      <step title="Commit id: e0157a4e-1262-43f5-b895-7faa80d1939e" date="2025-07-16T00:28:11.047" Message="N/A" AuthorName="N/A" AuthorEmail="N/A" /><!-- duration: 5ms -->
    </step><!-- duration: 14ms -->
    <step title="Starting PushDeployAsync" date="2025-07-16T00:28:11.061" /><!-- duration: 4ms -->
    <step title="Writing artifact to /tmp/zipdeploy/592bb2d5-3df7-4e3d-b2a9-8694a85390a1.zip" date="2025-07-16T00:28:11.091" >
      <step title="Writing multipart request body to /tmp/zipdeploy/592bb2d5-3df7-4e3d-b2a9-8694a85390a1.zip" date="2025-07-16T00:28:11.109" /><!-- duration: 9ms -->
    </step><!-- duration: 270ms -->
    <step title="Start deployment in the background" date="2025-07-16T00:28:11.380" >
      <step title="Acquiring Deployment Lock" date="2025-07-16T00:28:11.441" /><!-- duration: 9ms -->
      <step title="Acquired Deployment Lock" date="2025-07-16T00:28:11.518" /><!-- duration: 4ms -->
    </step><!-- duration: 245ms -->
  </step><!-- duration: 628ms -->
  <step title="Outgoing response" date="2025-07-16T00:28:11.649" type="response" statusCode="202" statusText="Accepted" /><!-- duration: 4ms -->
</step><!-- duration: 766ms -->
