<step title="BackgroundTrace" date="2025-07-16T00:15:20.947" instance="df256f" url="/api/zipdeploy" method="POST" >
  <step title="Creating temporary deployment - FetchDeploymentManager" date="2025-07-16T00:15:21.355" /><!-- duration: 9ms -->
  <step title="Creating temporary deployment" date="2025-07-16T00:15:21.386" /><!-- duration: 126ms -->
  <step title="Performing fetch based deployment" date="2025-07-16T00:15:21.836" >
    <step title="Cleaning up temp folders from previous zip deployments and extracting pushed zip file /tmp/zipdeploy/ad12759b-98aa-45b1-b8b9-f86f69c23192.zip (1.39 MB) to /tmp/zipdeploy/extracted" date="2025-07-16T00:15:23.244" >
      <step title="ChmodRecursive Process exited with total time taken in ms: 203" date="2025-07-16T00:15:24.717" /><!-- duration: 37ms -->
    </step><!-- duration: 1519ms -->
    <step title="Deployment timer started" date="2025-07-16T00:15:26.796" >
      <step title="DeploymentManager.Deploy(id:83d72453-010d-48b1-875d-a3d6fdf8f400)" date="2025-07-16T00:15:26.823" >
        <step title="Collecting changeset information" date="2025-07-16T00:15:26.939" /><!-- duration: 267ms -->
        <step title="Updating submodules" date="2025-07-16T00:15:27.237" /><!-- duration: 1554ms -->
        <step title="Determining deployment builder" date="2025-07-16T00:15:29.714" >
          <step title="Builder is BasicBuilder" date="2025-07-16T00:15:29.730" /><!-- duration: 4ms -->
        </step><!-- duration: 27ms -->
        <step title="PreDeployment: context.CleanOutputPath False" date="2025-07-16T00:15:29.787" >
          <step title="PreDeployment: context.OutputPath /home/site/wwwroot" date="2025-07-16T00:15:29.919" >
            <step title="Building" date="2025-07-16T00:15:30.101" >
              <step title="Executing external process" date="2025-07-16T00:15:30.832" type="process" path="starter.sh" arguments="/opt/Kudu/Scripts/parallel_rsync.sh /tmp/zipdeploy/extracted /home/site/wwwroot 8 /tmp/ False True  " /><!-- duration: 11552ms -->
              <step title="Triggering recycle (preview mode disabled)." date="2025-07-16T00:15:42.686" /><!-- duration: 6ms -->
              <step title="Modified file to trigger a restart of the app container." date="2025-07-16T00:15:42.729" /><!-- duration: 5ms -->
              <step title="Skip function trigger and logicapp sync because function is not enabled." date="2025-07-16T00:15:42.740" /><!-- duration: 6ms -->
            </step><!-- duration: 13332ms -->
          </step><!-- duration: 13524ms -->
          <step title="Cleaning up temp files" date="2025-07-16T00:15:43.447" /><!-- duration: 6ms -->
          <step title="Cleaning up temp files" date="2025-07-16T00:15:43.457" /><!-- duration: 506ms -->
          <step title="Reloading status file with latest updates" date="2025-07-16T00:15:43.991" >
            <step title="WebHooksManager.PublishEventAsync: PostDeployment" date="2025-07-16T00:15:43.998" /><!-- duration: 83ms -->
          </step><!-- duration: 99ms -->
          <step title="Cleaning up temporary deployment - fetch deployment was successful" date="2025-07-16T00:15:44.099" /><!-- duration: 4ms -->
        </step><!-- duration: 14419ms -->
      </step><!-- duration: 17410ms -->
