﻿<?xml version="1.0" encoding="utf-8"?>
<deployment>
  <id>7fda1c8b-3f11-4455-a487-174343f5f1f3</id>
  <author>N/A</author>
  <deployer>Push-Deployer</deployer>
  <authorEmail>N/A</authorEmail>
  <message>Created via a push deployment</message>
  <progress></progress>
  <status>Success</status>
  <statusText></statusText>
  <lastSuccessEndTime>2025-06-24T12:56:20.4821251Z</lastSuccessEndTime>
  <receivedTime>2025-06-24T12:55:25.0750799Z</receivedTime>
  <startTime>2025-06-24T12:55:26.5570174Z</startTime>
  <endTime>2025-06-24T12:56:20.4821251Z</endTime>
  <complete>True</complete>
  <is_temp>False</is_temp>
  <is_readonly>True</is_readonly>
  <buildSummary />
</deployment>