﻿<?xml version="1.0" encoding="utf-8"?>
<deployment>
  <id>cdf9d270-e735-4dc3-9118-4ebdee1c54f3</id>
  <author>N/A</author>
  <deployer>Push-Deployer</deployer>
  <authorEmail>N/A</authorEmail>
  <message>Created via a push deployment</message>
  <progress></progress>
  <status>Success</status>
  <statusText></statusText>
  <lastSuccessEndTime>2025-06-21T01:16:39.0396923Z</lastSuccessEndTime>
  <receivedTime>2025-06-21T01:15:40.7895053Z</receivedTime>
  <startTime>2025-06-21T01:15:42.1830666Z</startTime>
  <endTime>2025-06-21T01:16:39.0396923Z</endTime>
  <complete>True</complete>
  <is_temp>False</is_temp>
  <is_readonly>True</is_readonly>
  <buildSummary />
</deployment>